1652383797910	geckodriver	INFO	Listening on 127.0.0.1:62754
1652383799933	mozrunner::runner	INFO	Running command: "C:\\Program Files\\Mozilla Firefox\\firefox.exe" "--marionette" "--remote-debugging-port" "62755" "--remote-allow-hosts" "localhost" "-no-remote" "-profile" "C:\\Users\\Alex\\AppData\\Local\\Temp\\rust_mozprofileGm2qtJ"
1652383800731	Marionette	INFO	Marionette enabled
console.warn: SearchSettings: "get: No settings file exists, new profile?" (new NotFoundError("Could not open the file at C:\\Users\\Alex\\AppData\\Local\\Temp\\rust_mozprofileGm2qtJ\\search.json.mozlz4", (void 0)))
DevTools listening on ws://localhost:62755/devtools/browser/392758ac-40e3-4d6c-a962-be057f0c3991
1652383802698	Marionette	INFO	Listening on port 62781
Read port: 62781
1652383802788	RemoteAgent	WARN	TLS certificate errors will be ignored for this session
console.error: Region.jsm: "Error fetching region" (new TypeError("NetworkError when attempting to fetch resource.", ""))
console.error: Region.jsm: "Failed to fetch region" (new Error("NO_RESULT", "resource://gre/modules/Region.jsm", 419))
1652383804054	Marionette	INFO	Stopped listening on port 62781

###!!! [Parent][PGPUParent] Error: RunMessage(msgname=PGPU::Msg_ShutdownVR) Channel closing: too late to send/recv, messages will be lost

1652384159544	geckodriver	INFO	Listening on 127.0.0.1:63013
1652384161571	mozrunner::runner	INFO	Running command: "C:\\Program Files\\Mozilla Firefox\\firefox.exe" "--marionette" "--remote-debugging-port" "63014" "--remote-allow-hosts" "localhost" "-no-remote" "-profile" "C:\\Users\\Alex\\AppData\\Local\\Temp\\rust_mozprofileUEP1lz"
1652384161972	Marionette	INFO	Marionette enabled
console.warn: SearchSettings: "get: No settings file exists, new profile?" (new NotFoundError("Could not open the file at C:\\Users\\Alex\\AppData\\Local\\Temp\\rust_mozprofileUEP1lz\\search.json.mozlz4", (void 0)))
DevTools listening on ws://localhost:63014/devtools/browser/324add17-1f1c-436c-877c-c6c2d6fea199
1652384163586	Marionette	INFO	Listening on port 63036
Read port: 63036
1652384163657	RemoteAgent	WARN	TLS certificate errors will be ignored for this session
1652384163959	Marionette	INFO	Stopped listening on port 63036
console.error: Region.jsm: "Error fetching region" (new TypeError("NetworkError when attempting to fetch resource.", ""))
console.error: Region.jsm: "Failed to fetch region" (new Error("NO_RESULT", "resource://gre/modules/Region.jsm", 419))
[Parent 20144, IPC I/O Parent] WARNING: file /builds/worker/checkouts/gecko/ipc/chromium/src/base/process_util_win.cc:167
JavaScript error: resource://gre/modules/TerminatorTelemetry.jsm, line 71: AbortError: IOUtils: Shutting down and refusing additional I/O tasks

###!!! [Parent][PGPUParent] Error: RunMessage(msgname=PGPU::Msg_ShutdownVR) Channel closing: too late to send/recv, messages will be lost

1652384180671	geckodriver	INFO	Listening on 127.0.0.1:63064
1652384182688	mozrunner::runner	INFO	Running command: "C:\\Program Files\\Mozilla Firefox\\firefox.exe" "--marionette" "--remote-debugging-port" "63065" "--remote-allow-hosts" "localhost" "-no-remote" "-profile" "C:\\Users\\Alex\\AppData\\Local\\Temp\\rust_mozprofileVmiXtf"
1652384183061	Marionette	INFO	Marionette enabled
console.warn: SearchSettings: "get: No settings file exists, new profile?" (new NotFoundError("Could not open the file at C:\\Users\\Alex\\AppData\\Local\\Temp\\rust_mozprofileVmiXtf\\search.json.mozlz4", (void 0)))
DevTools listening on ws://localhost:63065/devtools/browser/638dd218-701a-4020-8074-9e34b27a28d4
1652384184697	Marionette	INFO	Listening on port 63087
Read port: 63087
1652384184783	RemoteAgent	WARN	TLS certificate errors will be ignored for this session
1652384184930	Marionette	INFO	Stopped listening on port 63087
console.error: Region.jsm: "Error fetching region" (new TypeError("NetworkError when attempting to fetch resource.", ""))
console.error: Region.jsm: "Failed to fetch region" (new Error("NO_RESULT", "resource://gre/modules/Region.jsm", 419))
JavaScript error: resource://gre/modules/TerminatorTelemetry.jsm, line 71: AbortError: IOUtils: Shutting down and refusing additional I/O tasks
1652384537529	geckodriver	INFO	Listening on 127.0.0.1:63246
1652384539545	mozrunner::runner	INFO	Running command: "C:\\Program Files\\Mozilla Firefox\\firefox.exe" "--marionette" "--remote-debugging-port" "63247" "--remote-allow-hosts" "localhost" "-no-remote" "-profile" "C:\\Users\\Alex\\AppData\\Local\\Temp\\rust_mozprofile3LXSZY"
1652384539889	Marionette	INFO	Marionette enabled
console.warn: SearchSettings: "get: No settings file exists, new profile?" (new NotFoundError("Could not open the file at C:\\Users\\Alex\\AppData\\Local\\Temp\\rust_mozprofile3LXSZY\\search.json.mozlz4", (void 0)))
DevTools listening on ws://localhost:63247/devtools/browser/ae5b3e42-b771-4bae-8d13-6be4b6828d82
1652384541934	Marionette	INFO	Listening on port 63269
Read port: 63269
1652384541991	RemoteAgent	WARN	TLS certificate errors will be ignored for this session
1652384542409	Marionette	INFO	Stopped listening on port 63269
console.error: Region.jsm: "Error fetching region" (new TypeError("NetworkError when attempting to fetch resource.", ""))
console.error: Region.jsm: "Failed to fetch region" (new Error("NO_RESULT", "resource://gre/modules/Region.jsm", 419))
JavaScript error: resource://gre/modules/TerminatorTelemetry.jsm, line 71: AbortError: IOUtils: Shutting down and refusing additional I/O tasks

###!!! [Parent][PGPUParent] Error: RunMessage(msgname=PGPU::Msg_ShutdownVR) Channel closing: too late to send/recv, messages will be lost

1652384555169	geckodriver	INFO	Listening on 127.0.0.1:63289
1652384557207	mozrunner::runner	INFO	Running command: "C:\\Program Files\\Mozilla Firefox\\firefox.exe" "--marionette" "--remote-debugging-port" "63290" "--remote-allow-hosts" "localhost" "-no-remote" "-profile" "C:\\Users\\Alex\\AppData\\Local\\Temp\\rust_mozprofilejPddoY"
1652384557550	Marionette	INFO	Marionette enabled
console.warn: SearchSettings: "get: No settings file exists, new profile?" (new NotFoundError("Could not open the file at C:\\Users\\Alex\\AppData\\Local\\Temp\\rust_mozprofilejPddoY\\search.json.mozlz4", (void 0)))
DevTools listening on ws://localhost:63290/devtools/browser/29f6c65c-9272-418c-a298-6be9ad481036
1652384559074	Marionette	INFO	Listening on port 63311
Read port: 63311
1652384559196	RemoteAgent	WARN	TLS certificate errors will be ignored for this session
1652384559602	Marionette	INFO	Stopped listening on port 63311
console.error: Region.jsm: "Error fetching region" (new TypeError("NetworkError when attempting to fetch resource.", ""))
console.error: Region.jsm: "Failed to fetch region" (new Error("NO_RESULT", "resource://gre/modules/Region.jsm", 419))
JavaScript error: resource://gre/modules/TerminatorTelemetry.jsm, line 71: AbortError: IOUtils: Shutting down and refusing additional I/O tasks

###!!! [Parent][PGPUParent] Error: RunMessage(msgname=PGPU::Msg_ShutdownVR) Channel closing: too late to send/recv, messages will be lost

1652385098677	geckodriver	INFO	Listening on 127.0.0.1:63655
1652385100708	mozrunner::runner	INFO	Running command: "C:\\Program Files\\Mozilla Firefox\\firefox.exe" "--marionette" "--remote-debugging-port" "63656" "--remote-allow-hosts" "localhost" "-no-remote" "-profile" "C:\\Users\\Alex\\AppData\\Local\\Temp\\rust_mozprofileEif2D9"
1652385101058	Marionette	INFO	Marionette enabled
console.warn: SearchSettings: "get: No settings file exists, new profile?" (new NotFoundError("Could not open the file at C:\\Users\\Alex\\AppData\\Local\\Temp\\rust_mozprofileEif2D9\\search.json.mozlz4", (void 0)))
DevTools listening on ws://localhost:63656/devtools/browser/1e2129b0-0bf9-4ffd-95dc-3918e77b3798
1652385102836	Marionette	INFO	Listening on port 63678
Read port: 63678
1652385102917	RemoteAgent	WARN	TLS certificate errors will be ignored for this session
console.error: Region.jsm: "Error fetching region" (new TypeError("NetworkError when attempting to fetch resource.", ""))
console.error: Region.jsm: "Failed to fetch region" (new Error("NO_RESULT", "resource://gre/modules/Region.jsm", 419))
1652385103863	Marionette	WARN	TimedPromise timed out after 500 ms: stacktrace:
TimedPromise/<@chrome://remote/content/marionette/sync.js:235:19
TimedPromise@chrome://remote/content/marionette/sync.js:220:10
interaction.flushEventLoop@chrome://remote/content/marionette/interaction.js:431:10
webdriverClickElement@chrome://remote/content/marionette/interaction.js:179:31
1652385104584	Marionette	INFO	Stopped listening on port 63678

###!!! [Parent][PGPUParent] Error: RunMessage(msgname=PGPU::Msg_ShutdownVR) Channel closing: too late to send/recv, messages will be lost

1652385179024	geckodriver	INFO	Listening on 127.0.0.1:63737
1652385181055	mozrunner::runner	INFO	Running command: "C:\\Program Files\\Mozilla Firefox\\firefox.exe" "--marionette" "--remote-debugging-port" "63738" "--remote-allow-hosts" "localhost" "-no-remote" "-profile" "C:\\Users\\Alex\\AppData\\Local\\Temp\\rust_mozprofilelsW32v"
1652385181398	Marionette	INFO	Marionette enabled
console.warn: SearchSettings: "get: No settings file exists, new profile?" (new NotFoundError("Could not open the file at C:\\Users\\Alex\\AppData\\Local\\Temp\\rust_mozprofilelsW32v\\search.json.mozlz4", (void 0)))
DevTools listening on ws://localhost:63738/devtools/browser/5a503b7c-1ceb-40c3-ba6e-3f5bcd73ca4c
1652385183063	Marionette	INFO	Listening on port 63762
Read port: 63762
1652385183149	RemoteAgent	WARN	TLS certificate errors will be ignored for this session
JavaScript error: resource://gre/modules/XULStore.jsm, line 66: Error: Can't find profile directory.
JavaScript error: resource://gre/modules/XULStore.jsm, line 66: Error: Can't find profile directory.
1652385183819	Marionette	INFO	Stopped listening on port 63762
console.error: Region.jsm: "Error fetching region" (new TypeError("NetworkError when attempting to fetch resource.", ""))
console.error: Region.jsm: "Failed to fetch region" (new Error("NO_RESULT", "resource://gre/modules/Region.jsm", 419))
JavaScript error: resource://gre/modules/TerminatorTelemetry.jsm, line 71: AbortError: IOUtils: Shutting down and refusing additional I/O tasks
1652385302064	geckodriver	INFO	Listening on 127.0.0.1:63842
1652385304105	mozrunner::runner	INFO	Running command: "C:\\Program Files\\Mozilla Firefox\\firefox.exe" "--marionette" "--remote-debugging-port" "63843" "--remote-allow-hosts" "localhost" "-no-remote" "-profile" "C:\\Users\\Alex\\AppData\\Local\\Temp\\rust_mozprofilevytRGz"
1652385304452	Marionette	INFO	Marionette enabled
console.warn: SearchSettings: "get: No settings file exists, new profile?" (new NotFoundError("Could not open the file at C:\\Users\\Alex\\AppData\\Local\\Temp\\rust_mozprofilevytRGz\\search.json.mozlz4", (void 0)))
DevTools listening on ws://localhost:63843/devtools/browser/b87feabb-0dc4-49eb-9877-0d8e5e4962c9
1652385305981	Marionette	INFO	Listening on port 63865
Read port: 63865
1652385306079	RemoteAgent	WARN	TLS certificate errors will be ignored for this session
1652385306917	Marionette	INFO	Stopped listening on port 63865
JavaScript error: resource://gre/modules/Prompter.jsm, line 1189: NS_ERROR_NOT_AVAILABLE: prompt aborted by user
console.error: Region.jsm: "Error fetching region" (new TypeError("NetworkError when attempting to fetch resource.", ""))
console.error: Region.jsm: "Failed to fetch region" (new Error("NO_RESULT", "resource://gre/modules/Region.jsm", 419))
[Parent 8380, IPC I/O Parent] WARNING: file /builds/worker/checkouts/gecko/ipc/chromium/src/base/process_util_win.cc:167
JavaScript error: resource://gre/modules/TerminatorTelemetry.jsm, line 71: AbortError: IOUtils: Shutting down and refusing additional I/O tasks

###!!! [Parent][PGPUParent] Error: RunMessage(msgname=PGPU::Msg_ShutdownVR) Channel closing: too late to send/recv, messages will be lost

1652392703936	geckodriver	INFO	Listening on 127.0.0.1:57402
1652392705971	mozrunner::runner	INFO	Running command: "C:\\Program Files\\Mozilla Firefox\\firefox.exe" "--marionette" "--remote-debugging-port" "57403" "--remote-allow-hosts" "localhost" "-no-remote" "-profile" "C:\\Users\\Alex\\AppData\\Local\\Temp\\rust_mozprofileMD5TNB"
1652392706325	Marionette	INFO	Marionette enabled
console.warn: SearchSettings: "get: No settings file exists, new profile?" (new NotFoundError("Could not open the file at C:\\Users\\Alex\\AppData\\Local\\Temp\\rust_mozprofileMD5TNB\\search.json.mozlz4", (void 0)))
DevTools listening on ws://localhost:57403/devtools/browser/fec71c32-9fbf-4432-9d84-42207d8f10ee
1652392708001	Marionette	INFO	Listening on port 57426
Read port: 57426
1652392708058	RemoteAgent	WARN	TLS certificate errors will be ignored for this session
console.error: Region.jsm: "Error fetching region" (new TypeError("NetworkError when attempting to fetch resource.", ""))
console.error: Region.jsm: "Failed to fetch region" (new Error("NO_RESULT", "resource://gre/modules/Region.jsm", 419))
1652392720423	Marionette	INFO	Stopped listening on port 57426
console.warn: TopSitesFeed: Failed to fetch data from Contile server: NetworkError when attempting to fetch resource.
1652392738206	geckodriver	INFO	Listening on 127.0.0.1:57466
1652392740249	mozrunner::runner	INFO	Running command: "C:\\Program Files\\Mozilla Firefox\\firefox.exe" "--marionette" "--remote-debugging-port" "57467" "--remote-allow-hosts" "localhost" "-no-remote" "-profile" "C:\\Users\\Alex\\AppData\\Local\\Temp\\rust_mozprofileliUGou"
1652392740638	Marionette	INFO	Marionette enabled
console.warn: SearchSettings: "get: No settings file exists, new profile?" (new NotFoundError("Could not open the file at C:\\Users\\Alex\\AppData\\Local\\Temp\\rust_mozprofileliUGou\\search.json.mozlz4", (void 0)))
DevTools listening on ws://localhost:57467/devtools/browser/6bc7aa2d-d93b-4cc0-900b-49138a0640c3
1652392742326	Marionette	INFO	Listening on port 57488
Read port: 57488
1652392742354	RemoteAgent	WARN	TLS certificate errors will be ignored for this session
1652392742628	Marionette	INFO	Stopped listening on port 57488
console.error: Region.jsm: "Error fetching region" (new TypeError("NetworkError when attempting to fetch resource.", ""))
console.error: Region.jsm: "Failed to fetch region" (new Error("NO_RESULT", "resource://gre/modules/Region.jsm", 419))
JavaScript error: resource://gre/modules/TerminatorTelemetry.jsm, line 71: AbortError: IOUtils: Shutting down and refusing additional I/O tasks

###!!! [Parent][PGPUParent] Error: RunMessage(msgname=PGPU::Msg_ShutdownVR) Channel closing: too late to send/recv, messages will be lost

1652990869172	geckodriver	INFO	Listening on 127.0.0.1:63948
1652990871184	mozrunner::runner	INFO	Running command: "C:\\Program Files\\Mozilla Firefox\\firefox.exe" "--marionette" "--remote-debugging-port" "63949" "--remote-allow-hosts" "localhost" "-no-remote" "-profile" "C:\\Users\\Alex\\AppData\\Local\\Temp\\rust_mozprofileo8q4mn"
1652990871887	Marionette	INFO	Marionette enabled
console.warn: SearchSettings: "get: No settings file exists, new profile?" (new NotFoundError("Could not open the file at C:\\Users\\Alex\\AppData\\Local\\Temp\\rust_mozprofileo8q4mn\\search.json.mozlz4", (void 0)))
DevTools listening on ws://localhost:63949/devtools/browser/79fda4c7-2493-45be-87c8-b082d61d87c1
1652990873828	Marionette	INFO	Listening on port 63973
Read port: 63973
1652990873961	RemoteAgent	WARN	TLS certificate errors will be ignored for this session
1652990874117	Marionette	INFO	Stopped listening on port 63973
console.error: Region.jsm: "Error fetching region" (new TypeError("NetworkError when attempting to fetch resource.", ""))
console.error: Region.jsm: "Failed to fetch region" (new Error("NO_RESULT", "resource://gre/modules/Region.jsm", 419))
JavaScript error: resource://gre/modules/TerminatorTelemetry.jsm, line 71: AbortError: IOUtils: Shutting down and refusing additional I/O tasks

###!!! [Parent][PGPUParent] Error: RunMessage(msgname=PGPU::Msg_ShutdownVR) Channel closing: too late to send/recv, messages will be lost

1652990896127	geckodriver	INFO	Listening on 127.0.0.1:64004
1652990898137	mozrunner::runner	INFO	Running command: "C:\\Program Files\\Mozilla Firefox\\firefox.exe" "--marionette" "--remote-debugging-port" "64005" "--remote-allow-hosts" "localhost" "-no-remote" "-profile" "C:\\Users\\Alex\\AppData\\Local\\Temp\\rust_mozprofileuI3hxY"
1652990898500	Marionette	INFO	Marionette enabled
console.warn: SearchSettings: "get: No settings file exists, new profile?" (new NotFoundError("Could not open the file at C:\\Users\\Alex\\AppData\\Local\\Temp\\rust_mozprofileuI3hxY\\search.json.mozlz4", (void 0)))
DevTools listening on ws://localhost:64005/devtools/browser/deedf039-e5df-4165-947e-1e0ca1111fd7
1652990900064	Marionette	INFO	Listening on port 54208
Read port: 54208
1652990900206	RemoteAgent	WARN	TLS certificate errors will be ignored for this session
1652990900366	Marionette	INFO	Stopped listening on port 54208
console.error: Region.jsm: "Error fetching region" (new TypeError("NetworkError when attempting to fetch resource.", ""))
console.error: Region.jsm: "Failed to fetch region" (new Error("NO_RESULT", "resource://gre/modules/Region.jsm", 419))
JavaScript error: resource://gre/modules/TerminatorTelemetry.jsm, line 71: AbortError: IOUtils: Shutting down and refusing additional I/O tasks
1652990920880	geckodriver	INFO	Listening on 127.0.0.1:54233
1652990922895	mozrunner::runner	INFO	Running command: "C:\\Program Files\\Mozilla Firefox\\firefox.exe" "--marionette" "--remote-debugging-port" "54234" "--remote-allow-hosts" "localhost" "-no-remote" "-profile" "C:\\Users\\Alex\\AppData\\Local\\Temp\\rust_mozprofileuSbscU"
1652990923256	Marionette	INFO	Marionette enabled
console.warn: SearchSettings: "get: No settings file exists, new profile?" (new NotFoundError("Could not open the file at C:\\Users\\Alex\\AppData\\Local\\Temp\\rust_mozprofileuSbscU\\search.json.mozlz4", (void 0)))
DevTools listening on ws://localhost:54234/devtools/browser/83e4a111-72fd-4b6a-b78c-99d5456ce4eb
1652990925030	Marionette	INFO	Listening on port 54259
Read port: 54259
1652990925084	RemoteAgent	WARN	TLS certificate errors will be ignored for this session
1652990925231	Marionette	INFO	Stopped listening on port 54259
console.error: Region.jsm: "Error fetching region" (new TypeError("NetworkError when attempting to fetch resource.", ""))
console.error: Region.jsm: "Failed to fetch region" (new Error("NO_RESULT", "resource://gre/modules/Region.jsm", 419))
JavaScript error: resource://gre/modules/TerminatorTelemetry.jsm, line 71: AbortError: IOUtils: Shutting down and refusing additional I/O tasks

###!!! [Parent][PGPUParent] Error: RunMessage(msgname=PGPU::Msg_ShutdownVR) Channel closing: too late to send/recv, messages will be lost

1652990940013	geckodriver	INFO	Listening on 127.0.0.1:54306
1652990942024	mozrunner::runner	INFO	Running command: "C:\\Program Files\\Mozilla Firefox\\firefox.exe" "--marionette" "--remote-debugging-port" "54307" "--remote-allow-hosts" "localhost" "-no-remote" "-profile" "C:\\Users\\Alex\\AppData\\Local\\Temp\\rust_mozprofileQE0raI"
1652990942363	Marionette	INFO	Marionette enabled
console.warn: SearchSettings: "get: No settings file exists, new profile?" (new NotFoundError("Could not open the file at C:\\Users\\Alex\\AppData\\Local\\Temp\\rust_mozprofileQE0raI\\search.json.mozlz4", (void 0)))
DevTools listening on ws://localhost:54307/devtools/browser/f268dc23-7f7c-4799-bd36-36c781c3287b
1652990943928	Marionette	INFO	Listening on port 54328
Read port: 54328
1652990944012	RemoteAgent	WARN	TLS certificate errors will be ignored for this session
1652990944953	Marionette	WARN	TimedPromise timed out after 500 ms: stacktrace:
TimedPromise/<@chrome://remote/content/marionette/sync.js:235:19
TimedPromise@chrome://remote/content/marionette/sync.js:220:10
interaction.flushEventLoop@chrome://remote/content/marionette/interaction.js:431:10
webdriverClickElement@chrome://remote/content/marionette/interaction.js:179:31
console.error: Region.jsm: "Error fetching region" (new TypeError("NetworkError when attempting to fetch resource.", ""))
console.error: Region.jsm: "Failed to fetch region" (new Error("NO_RESULT", "resource://gre/modules/Region.jsm", 419))
1652990945561	Marionette	INFO	Stopped listening on port 54328
1652990965873	geckodriver	INFO	Listening on 127.0.0.1:54366
1652990967898	mozrunner::runner	INFO	Running command: "C:\\Program Files\\Mozilla Firefox\\firefox.exe" "--marionette" "--remote-debugging-port" "54367" "--remote-allow-hosts" "localhost" "-no-remote" "-profile" "C:\\Users\\Alex\\AppData\\Local\\Temp\\rust_mozprofilebIdzUy"
1652990968223	Marionette	INFO	Marionette enabled
console.warn: SearchSettings: "get: No settings file exists, new profile?" (new NotFoundError("Could not open the file at C:\\Users\\Alex\\AppData\\Local\\Temp\\rust_mozprofilebIdzUy\\search.json.mozlz4", (void 0)))
DevTools listening on ws://localhost:54367/devtools/browser/4c608b20-05b6-4925-8ef7-8df68cb7ff96
1652990969846	Marionette	INFO	Listening on port 54388
Read port: 54388
1652990969909	RemoteAgent	WARN	TLS certificate errors will be ignored for this session
1652990970693	Marionette	INFO	Stopped listening on port 54388
JavaScript error: resource://gre/modules/XULStore.jsm, line 66: Error: Can't find profile directory.
JavaScript error: resource://gre/modules/XULStore.jsm, line 66: Error: Can't find profile directory.
[Parent 21092, IPC I/O Parent] WARNING: file /builds/worker/checkouts/gecko/ipc/chromium/src/base/process_util_win.cc:167
console.error: Region.jsm: "Error fetching region" (new TypeError("NetworkError when attempting to fetch resource.", ""))
console.error: Region.jsm: "Failed to fetch region" (new Error("NO_RESULT", "resource://gre/modules/Region.jsm", 419))
JavaScript error: resource://gre/modules/TerminatorTelemetry.jsm, line 71: AbortError: IOUtils: Shutting down and refusing additional I/O tasks

###!!! [Parent][PGPUParent] Error: RunMessage(msgname=PGPU::Msg_ShutdownVR) Channel closing: too late to send/recv, messages will be lost

1652991011380	geckodriver	INFO	Listening on 127.0.0.1:54426
1652991013404	mozrunner::runner	INFO	Running command: "C:\\Program Files\\Mozilla Firefox\\firefox.exe" "--marionette" "--remote-debugging-port" "54427" "--remote-allow-hosts" "localhost" "-no-remote" "-profile" "C:\\Users\\Alex\\AppData\\Local\\Temp\\rust_mozprofileQt7Zqf"
1652991013755	Marionette	INFO	Marionette enabled
console.warn: SearchSettings: "get: No settings file exists, new profile?" (new NotFoundError("Could not open the file at C:\\Users\\Alex\\AppData\\Local\\Temp\\rust_mozprofileQt7Zqf\\search.json.mozlz4", (void 0)))
DevTools listening on ws://localhost:54427/devtools/browser/a69d37f1-e2bc-410a-a55c-240d6cc61e3e
1652991015311	Marionette	INFO	Listening on port 54453
Read port: 54453
1652991015402	RemoteAgent	WARN	TLS certificate errors will be ignored for this session
1652991016143	Marionette	INFO	Stopped listening on port 54453
console.error: Region.jsm: "Error fetching region" (new TypeError("NetworkError when attempting to fetch resource.", ""))
console.error: Region.jsm: "Failed to fetch region" (new Error("NO_RESULT", "resource://gre/modules/Region.jsm", 419))
JavaScript error: resource://gre/modules/TerminatorTelemetry.jsm, line 71: AbortError: IOUtils: Shutting down and refusing additional I/O tasks

###!!! [Parent][PGPUParent] Error: RunMessage(msgname=PGPU::Msg_ShutdownVR) Channel closing: too late to send/recv, messages will be lost

1652991565942	geckodriver	INFO	Listening on 127.0.0.1:52751
1652991567972	mozrunner::runner	INFO	Running command: "C:\\Program Files\\Mozilla Firefox\\firefox.exe" "--marionette" "--remote-debugging-port" "52752" "--remote-allow-hosts" "localhost" "-no-remote" "-profile" "C:\\Users\\Alex\\AppData\\Local\\Temp\\rust_mozprofileuQmNuh"
1652991568358	Marionette	INFO	Marionette enabled
console.warn: SearchSettings: "get: No settings file exists, new profile?" (new NotFoundError("Could not open the file at C:\\Users\\Alex\\AppData\\Local\\Temp\\rust_mozprofileuQmNuh\\search.json.mozlz4", (void 0)))
DevTools listening on ws://localhost:52752/devtools/browser/4a6eb2b2-1876-43b9-9883-53e022e071db
1652991569988	Marionette	INFO	Listening on port 52774
Read port: 52774
1652991570060	RemoteAgent	WARN	TLS certificate errors will be ignored for this session
JavaScript error: resource://gre/modules/XULStore.jsm, line 66: Error: Can't find profile directory.
JavaScript error: resource://gre/modules/XULStore.jsm, line 66: Error: Can't find profile directory.
console.error: Region.jsm: "Error fetching region" (new TypeError("NetworkError when attempting to fetch resource.", ""))
console.error: Region.jsm: "Failed to fetch region" (new Error("NO_RESULT", "resource://gre/modules/Region.jsm", 419))
1652991571004	Marionette	INFO	Stopped listening on port 52774
JavaScript error: resource://gre/modules/TerminatorTelemetry.jsm, line 71: AbortError: IOUtils: Shutting down and refusing additional I/O tasks

###!!! [Parent][PGPUParent] Error: RunMessage(msgname=PGPU::Msg_ShutdownVR) Channel closing: too late to send/recv, messages will be lost

1652991582506	geckodriver	INFO	Listening on 127.0.0.1:52807
1652991584525	mozrunner::runner	INFO	Running command: "C:\\Program Files\\Mozilla Firefox\\firefox.exe" "--marionette" "--remote-debugging-port" "52808" "--remote-allow-hosts" "localhost" "-no-remote" "-profile" "C:\\Users\\Alex\\AppData\\Local\\Temp\\rust_mozprofile0li3bN"
1652991584857	Marionette	INFO	Marionette enabled
console.warn: SearchSettings: "get: No settings file exists, new profile?" (new NotFoundError("Could not open the file at C:\\Users\\Alex\\AppData\\Local\\Temp\\rust_mozprofile0li3bN\\search.json.mozlz4", (void 0)))
DevTools listening on ws://localhost:52808/devtools/browser/b95a44cd-be1c-4f0f-9b01-a07507d322ad
1652991586411	Marionette	INFO	Listening on port 52829
Read port: 52829
1652991586526	RemoteAgent	WARN	TLS certificate errors will be ignored for this session
1652991587272	Marionette	INFO	Stopped listening on port 52829
console.error: Region.jsm: "Error fetching region" (new TypeError("NetworkError when attempting to fetch resource.", ""))
console.error: Region.jsm: "Failed to fetch region" (new Error("NO_RESULT", "resource://gre/modules/Region.jsm", 419))
JavaScript error: resource://gre/modules/TerminatorTelemetry.jsm, line 71: AbortError: IOUtils: Shutting down and refusing additional I/O tasks

###!!! [Parent][PGPUParent] Error: RunMessage(msgname=PGPU::Msg_ShutdownVR) Channel closing: too late to send/recv, messages will be lost

1652995758472	geckodriver	INFO	Listening on 127.0.0.1:62734
1652995760501	mozrunner::runner	INFO	Running command: "C:\\Program Files\\Mozilla Firefox\\firefox.exe" "--marionette" "--remote-debugging-port" "62735" "--remote-allow-hosts" "localhost" "-no-remote" "-profile" "C:\\Users\\Alex\\AppData\\Local\\Temp\\rust_mozprofileZjlsgg"
1652995760839	Marionette	INFO	Marionette enabled
console.warn: SearchSettings: "get: No settings file exists, new profile?" (new NotFoundError("Could not open the file at C:\\Users\\Alex\\AppData\\Local\\Temp\\rust_mozprofileZjlsgg\\search.json.mozlz4", (void 0)))
DevTools listening on ws://localhost:62735/devtools/browser/05bb3aee-53c8-4c0c-b423-7fec47a92f55
1652995762475	Marionette	INFO	Listening on port 62760
Read port: 62760
1652995762580	RemoteAgent	WARN	TLS certificate errors will be ignored for this session
1652995763226	Marionette	INFO	Stopped listening on port 62760
console.error: Region.jsm: "Error fetching region" (new TypeError("NetworkError when attempting to fetch resource.", ""))
console.error: Region.jsm: "Failed to fetch region" (new Error("NO_RESULT", "resource://gre/modules/Region.jsm", 419))
JavaScript error: resource://gre/modules/TerminatorTelemetry.jsm, line 71: AbortError: IOUtils: Shutting down and refusing additional I/O tasks
1652996165509	geckodriver	INFO	Listening on 127.0.0.1:63213
1652996167544	mozrunner::runner	INFO	Running command: "C:\\Program Files\\Mozilla Firefox\\firefox.exe" "--marionette" "--remote-debugging-port" "63214" "--remote-allow-hosts" "localhost" "-no-remote" "-profile" "C:\\Users\\Alex\\AppData\\Local\\Temp\\rust_mozprofiled5nGLS"
1652996167917	Marionette	INFO	Marionette enabled
console.warn: SearchSettings: "get: No settings file exists, new profile?" (new NotFoundError("Could not open the file at C:\\Users\\Alex\\AppData\\Local\\Temp\\rust_mozprofiled5nGLS\\search.json.mozlz4", (void 0)))
DevTools listening on ws://localhost:63214/devtools/browser/898915c1-b322-4873-8191-2e23700b917f
1652996169813	Marionette	INFO	Listening on port 63232
Read port: 63232
1652996169934	RemoteAgent	WARN	TLS certificate errors will be ignored for this session
1652996170610	Marionette	INFO	Stopped listening on port 63232
console.error: Region.jsm: "Error fetching region" (new TypeError("NetworkError when attempting to fetch resource.", ""))
console.error: Region.jsm: "Failed to fetch region" (new Error("NO_RESULT", "resource://gre/modules/Region.jsm", 419))
JavaScript error: resource://gre/modules/TerminatorTelemetry.jsm, line 71: AbortError: IOUtils: Shutting down and refusing additional I/O tasks

###!!! [Parent][PGPUParent] Error: RunMessage(msgname=PGPU::Msg_ShutdownVR) Channel closing: too late to send/recv, messages will be lost

1652996213028	geckodriver	INFO	Listening on 127.0.0.1:51458
1652996215050	mozrunner::runner	INFO	Running command: "C:\\Program Files\\Mozilla Firefox\\firefox.exe" "--marionette" "--remote-debugging-port" "51459" "--remote-allow-hosts" "localhost" "-no-remote" "-profile" "C:\\Users\\Alex\\AppData\\Local\\Temp\\rust_mozprofile46v2qr"
1652996215478	Marionette	INFO	Marionette enabled
console.warn: SearchSettings: "get: No settings file exists, new profile?" (new NotFoundError("Could not open the file at C:\\Users\\Alex\\AppData\\Local\\Temp\\rust_mozprofile46v2qr\\search.json.mozlz4", (void 0)))
DevTools listening on ws://localhost:51459/devtools/browser/c5e4ddad-5d47-4254-bdd4-63f9d7218aa5
1652996217627	Marionette	INFO	Listening on port 51501
Read port: 51501
1652996217670	RemoteAgent	WARN	TLS certificate errors will be ignored for this session
console.error: Region.jsm: "Error fetching region" (new TypeError("NetworkError when attempting to fetch resource.", ""))
console.error: Region.jsm: "Failed to fetch region" (new Error("NO_RESULT", "resource://gre/modules/Region.jsm", 419))
1652996218336	Marionette	INFO	Stopped listening on port 51501
[Parent 7056, IPC I/O Parent] WARNING: file /builds/worker/checkouts/gecko/ipc/chromium/src/base/process_util_win.cc:167
1652996234964	geckodriver	INFO	Listening on 127.0.0.1:51537
1652996236989	mozrunner::runner	INFO	Running command: "C:\\Program Files\\Mozilla Firefox\\firefox.exe" "--marionette" "--remote-debugging-port" "51538" "--remote-allow-hosts" "localhost" "-no-remote" "-profile" "C:\\Users\\Alex\\AppData\\Local\\Temp\\rust_mozprofiledGihZe"
1652996237342	Marionette	INFO	Marionette enabled
console.warn: SearchSettings: "get: No settings file exists, new profile?" (new NotFoundError("Could not open the file at C:\\Users\\Alex\\AppData\\Local\\Temp\\rust_mozprofiledGihZe\\search.json.mozlz4", (void 0)))
DevTools listening on ws://localhost:51538/devtools/browser/2b241b3b-187a-4f98-a07e-d73e7b76bc0a
1652996239436	Marionette	INFO	Listening on port 51559
Read port: 51559
1652996239504	RemoteAgent	WARN	TLS certificate errors will be ignored for this session
1652996240224	Marionette	INFO	Stopped listening on port 51559
console.error: Region.jsm: "Error fetching region" (new TypeError("NetworkError when attempting to fetch resource.", ""))
console.error: Region.jsm: "Failed to fetch region" (new Error("NO_RESULT", "resource://gre/modules/Region.jsm", 419))
[Parent 22028, IPC I/O Parent] WARNING: file /builds/worker/checkouts/gecko/ipc/chromium/src/base/process_util_win.cc:167

###!!! [Parent][PGPUParent] Error: RunMessage(msgname=PGPU::Msg_ShutdownVR) Channel closing: too late to send/recv, messages will be lost

1653506894729	geckodriver	INFO	Listening on 127.0.0.1:59969
1653506896749	mozrunner::runner	INFO	Running command: "C:\\Program Files\\Mozilla Firefox\\firefox.exe" "--marionette" "--remote-debugging-port" "59970" "--remote-allow-hosts" "localhost" "-no-remote" "-profile" "C:\\Users\\Alex\\AppData\\Local\\Temp\\rust_mozprofile6LLiya"
1653506897234	Marionette	INFO	Marionette enabled
console.warn: SearchSettings: "get: No settings file exists, new profile?" (new NotFoundError("Could not open the file at C:\\Users\\Alex\\AppData\\Local\\Temp\\rust_mozprofile6LLiya\\search.json.mozlz4", (void 0)))
DevTools listening on ws://localhost:59970/devtools/browser/b1a4e3d0-90ff-4b6b-b637-7efe0c892a6d
1653506899462	Marionette	INFO	Listening on port 59996
Read port: 59996
1653506899563	RemoteAgent	WARN	TLS certificate errors will be ignored for this session
console.error: Region.jsm: "Error fetching region" (new TypeError("NetworkError when attempting to fetch resource.", ""))
console.error: Region.jsm: "Failed to fetch region" (new Error("NO_RESULT", "resource://gre/modules/Region.jsm", 419))
1653506900462	Marionette	INFO	Stopped listening on port 59996

###!!! [Parent][PGPUParent] Error: RunMessage(msgname=PGPU::Msg_ShutdownVR) Channel closing: too late to send/recv, messages will be lost

1653506918087	geckodriver	INFO	Listening on 127.0.0.1:60020
1653506920114	mozrunner::runner	INFO	Running command: "C:\\Program Files\\Mozilla Firefox\\firefox.exe" "--marionette" "--remote-debugging-port" "60021" "--remote-allow-hosts" "localhost" "-no-remote" "-profile" "C:\\Users\\Alex\\AppData\\Local\\Temp\\rust_mozprofileD6L8FZ"
1653506920459	Marionette	INFO	Marionette enabled
console.warn: SearchSettings: "get: No settings file exists, new profile?" (new NotFoundError("Could not open the file at C:\\Users\\Alex\\AppData\\Local\\Temp\\rust_mozprofileD6L8FZ\\search.json.mozlz4", (void 0)))
DevTools listening on ws://localhost:60021/devtools/browser/012dc71d-7f8f-41a9-989d-6d21bc98d2bf
1653506922706	Marionette	INFO	Listening on port 60046
Read port: 60046
1653506922758	RemoteAgent	WARN	TLS certificate errors will be ignored for this session
1653506923433	Marionette	INFO	Stopped listening on port 60046
JavaScript error: resource://gre/modules/Prompter.jsm, line 1057: AbortError: Actor 'Prompt' destroyed before query 'Prompt:Open' was resolved
console.error: Region.jsm: "Error fetching region" (new TypeError("NetworkError when attempting to fetch resource.", ""))
console.error: Region.jsm: "Failed to fetch region" (new Error("NO_RESULT", "resource://gre/modules/Region.jsm", 419))

###!!! [Parent][PGPUParent] Error: RunMessage(msgname=PGPU::Msg_ShutdownVR) Channel closing: too late to send/recv, messages will be lost

1653507888886	geckodriver	INFO	Listening on 127.0.0.1:49714
1653507890908	mozrunner::runner	INFO	Running command: "C:\\Program Files\\Mozilla Firefox\\firefox.exe" "--marionette" "--remote-debugging-port" "49715" "--remote-allow-hosts" "localhost" "-no-remote" "-profile" "C:\\Users\\Alex\\AppData\\Local\\Temp\\rust_mozprofilektlKX8"
1653507891248	Marionette	INFO	Marionette enabled
console.warn: SearchSettings: "get: No settings file exists, new profile?" (new NotFoundError("Could not open the file at C:\\Users\\Alex\\AppData\\Local\\Temp\\rust_mozprofilektlKX8\\search.json.mozlz4", (void 0)))
DevTools listening on ws://localhost:49715/devtools/browser/c6edd18f-d0d9-42b4-964b-6e6075a831b7
1653507892848	Marionette	INFO	Listening on port 49743
Read port: 49743
1653507892904	RemoteAgent	WARN	TLS certificate errors will be ignored for this session
1653507893563	Marionette	INFO	Stopped listening on port 49743
JavaScript error: resource://gre/modules/Prompter.jsm, line 1057: AbortError: Actor 'Prompt' destroyed before query 'Prompt:Open' was resolved
console.error: Region.jsm: "Error fetching region" (new TypeError("NetworkError when attempting to fetch resource.", ""))
console.error: Region.jsm: "Failed to fetch region" (new Error("NO_RESULT", "resource://gre/modules/Region.jsm", 419))
JavaScript error: resource://gre/modules/TerminatorTelemetry.jsm, line 71: AbortError: IOUtils: Shutting down and refusing additional I/O tasks
1653508151238	geckodriver	INFO	Listening on 127.0.0.1:63931
1653508153256	mozrunner::runner	INFO	Running command: "C:\\Program Files\\Mozilla Firefox\\firefox.exe" "--marionette" "--remote-debugging-port" "63932" "--remote-allow-hosts" "localhost" "-no-remote" "-profile" "C:\\Users\\Alex\\AppData\\Local\\Temp\\rust_mozprofilerpvhRu"
1653508153615	Marionette	INFO	Marionette enabled
console.warn: SearchSettings: "get: No settings file exists, new profile?" (new NotFoundError("Could not open the file at C:\\Users\\Alex\\AppData\\Local\\Temp\\rust_mozprofilerpvhRu\\search.json.mozlz4", (void 0)))
DevTools listening on ws://localhost:63932/devtools/browser/3c03d654-566d-49f9-995d-7ceba4df2b5a
1653508155270	Marionette	INFO	Listening on port 63954
Read port: 63954
1653508155343	RemoteAgent	WARN	TLS certificate errors will be ignored for this session
1653508156022	Marionette	INFO	Stopped listening on port 63954
JavaScript error: chrome://global/content/commonDialog.xhtml, line 1: ReferenceError: commonDialogOnUnload is not defined
console.error: Region.jsm: "Error fetching region" (new TypeError("NetworkError when attempting to fetch resource.", ""))
console.error: Region.jsm: "Failed to fetch region" (new Error("NO_RESULT", "resource://gre/modules/Region.jsm", 419))
JavaScript error: resource://gre/modules/TerminatorTelemetry.jsm, line 71: AbortError: IOUtils: Shutting down and refusing additional I/O tasks

###!!! [Parent][PGPUParent] Error: RunMessage(msgname=PGPU::Msg_ShutdownVR) Channel closing: too late to send/recv, messages will be lost

1653508725831	geckodriver	INFO	Listening on 127.0.0.1:60868
1653508727844	mozrunner::runner	INFO	Running command: "C:\\Program Files\\Mozilla Firefox\\firefox.exe" "--marionette" "--remote-debugging-port" "60869" "--remote-allow-hosts" "localhost" "-no-remote" "-profile" "C:\\Users\\Alex\\AppData\\Local\\Temp\\rust_mozprofilefekNbz"
1653508728191	Marionette	INFO	Marionette enabled
console.warn: SearchSettings: "get: No settings file exists, new profile?" (new NotFoundError("Could not open the file at C:\\Users\\Alex\\AppData\\Local\\Temp\\rust_mozprofilefekNbz\\search.json.mozlz4", (void 0)))
DevTools listening on ws://localhost:60869/devtools/browser/ccbd825a-78ed-4546-b4d5-fb05c9ddb143
1653508730502	Marionette	INFO	Listening on port 60893
Read port: 60893
1653508730597	RemoteAgent	WARN	TLS certificate errors will be ignored for this session
console.error: Region.jsm: "Error fetching region" (new TypeError("NetworkError when attempting to fetch resource.", ""))
console.error: Region.jsm: "Failed to fetch region" (new Error("NO_RESULT", "resource://gre/modules/Region.jsm", 419))
1653508731268	Marionette	INFO	Stopped listening on port 60893
JavaScript error: resource://gre/modules/Prompter.jsm, line 1057: AbortError: Actor 'Prompt' destroyed before query 'Prompt:Open' was resolved

###!!! [Parent][PGPUParent] Error: RunMessage(msgname=PGPU::Msg_ShutdownVR) Channel closing: too late to send/recv, messages will be lost

1653508744821	geckodriver	INFO	Listening on 127.0.0.1:60915
1653508746852	mozrunner::runner	INFO	Running command: "C:\\Program Files\\Mozilla Firefox\\firefox.exe" "--marionette" "--remote-debugging-port" "60916" "--remote-allow-hosts" "localhost" "-no-remote" "-profile" "C:\\Users\\Alex\\AppData\\Local\\Temp\\rust_mozprofilefnuRB4"
1653508747255	Marionette	INFO	Marionette enabled
console.warn: SearchSettings: "get: No settings file exists, new profile?" (new NotFoundError("Could not open the file at C:\\Users\\Alex\\AppData\\Local\\Temp\\rust_mozprofilefnuRB4\\search.json.mozlz4", (void 0)))
DevTools listening on ws://localhost:60916/devtools/browser/dba8a680-c7a8-4a95-9e86-a263716c2687
1653508749015	Marionette	INFO	Listening on port 60940
Read port: 60940
1653508749055	RemoteAgent	WARN	TLS certificate errors will be ignored for this session
1653508749758	Marionette	WARN	TimedPromise timed out after 500 ms: stacktrace:
TimedPromise/<@chrome://remote/content/marionette/sync.js:235:19
TimedPromise@chrome://remote/content/marionette/sync.js:220:10
interaction.flushEventLoop@chrome://remote/content/marionette/interaction.js:431:10
webdriverClickElement@chrome://remote/content/marionette/interaction.js:179:31
console.error: Region.jsm: "Error fetching region" (new TypeError("NetworkError when attempting to fetch resource.", ""))
console.error: Region.jsm: "Failed to fetch region" (new Error("NO_RESULT", "resource://gre/modules/Region.jsm", 419))
1653508750422	Marionette	INFO	Stopped listening on port 60940
JavaScript error: resource://gre/modules/Prompter.jsm, line 1189: NS_ERROR_NOT_AVAILABLE: prompt aborted by user
1653508849193	geckodriver	INFO	Listening on 127.0.0.1:53775
1653508851208	mozrunner::runner	INFO	Running command: "C:\\Program Files\\Mozilla Firefox\\firefox.exe" "--marionette" "--remote-debugging-port" "53776" "--remote-allow-hosts" "localhost" "-no-remote" "-profile" "C:\\Users\\Alex\\AppData\\Local\\Temp\\rust_mozprofileIDSYr5"
1653508851560	Marionette	INFO	Marionette enabled
console.warn: SearchSettings: "get: No settings file exists, new profile?" (new NotFoundError("Could not open the file at C:\\Users\\Alex\\AppData\\Local\\Temp\\rust_mozprofileIDSYr5\\search.json.mozlz4", (void 0)))
DevTools listening on ws://localhost:53776/devtools/browser/a32931dc-8d73-4a20-8d3f-fb903070df8c
1653508853197	Marionette	INFO	Listening on port 53796
Read port: 53796
1653508853290	RemoteAgent	WARN	TLS certificate errors will be ignored for this session
1653508853964	Marionette	INFO	Stopped listening on port 53796
JavaScript error: resource://gre/modules/Prompter.jsm, line 1057: AbortError: Actor 'Prompt' destroyed before query 'Prompt:Open' was resolved
console.error: Region.jsm: "Error fetching region" (new TypeError("NetworkError when attempting to fetch resource.", ""))
console.error: Region.jsm: "Failed to fetch region" (new Error("NO_RESULT", "resource://gre/modules/Region.jsm", 419))
JavaScript error: resource://gre/modules/TerminatorTelemetry.jsm, line 71: AbortError: IOUtils: Shutting down and refusing additional I/O tasks

###!!! [Parent][PGPUParent] Error: RunMessage(msgname=PGPU::Msg_ShutdownVR) Channel closing: too late to send/recv, messages will be lost

1653508858898	geckodriver	INFO	Listening on 127.0.0.1:53818
1653508860914	mozrunner::runner	INFO	Running command: "C:\\Program Files\\Mozilla Firefox\\firefox.exe" "--marionette" "--remote-debugging-port" "53819" "--remote-allow-hosts" "localhost" "-no-remote" "-profile" "C:\\Users\\Alex\\AppData\\Local\\Temp\\rust_mozprofileGgGZtg"
1653508861267	Marionette	INFO	Marionette enabled
console.warn: SearchSettings: "get: No settings file exists, new profile?" (new NotFoundError("Could not open the file at C:\\Users\\Alex\\AppData\\Local\\Temp\\rust_mozprofileGgGZtg\\search.json.mozlz4", (void 0)))
DevTools listening on ws://localhost:53819/devtools/browser/e4ff290f-0b6f-4146-84b9-4bce2278907d
1653508862854	Marionette	INFO	Listening on port 53840
Read port: 53840
1653508862909	RemoteAgent	WARN	TLS certificate errors will be ignored for this session
1653508863583	Marionette	INFO	Stopped listening on port 53840
JavaScript error: resource://gre/modules/Prompter.jsm, line 1057: AbortError: Actor 'Prompt' destroyed before query 'Prompt:Open' was resolved
console.error: Region.jsm: "Error fetching region" (new TypeError("NetworkError when attempting to fetch resource.", ""))
console.error: Region.jsm: "Failed to fetch region" (new Error("NO_RESULT", "resource://gre/modules/Region.jsm", 419))
JavaScript error: resource://gre/modules/TerminatorTelemetry.jsm, line 71: AbortError: IOUtils: Shutting down and refusing additional I/O tasks

###!!! [Parent][PGPUParent] Error: RunMessage(msgname=PGPU::Msg_ShutdownVR) Channel closing: too late to send/recv, messages will be lost

1653508876821	geckodriver	INFO	Listening on 127.0.0.1:53870
1653508878838	mozrunner::runner	INFO	Running command: "C:\\Program Files\\Mozilla Firefox\\firefox.exe" "--marionette" "--remote-debugging-port" "53871" "--remote-allow-hosts" "localhost" "-no-remote" "-profile" "C:\\Users\\Alex\\AppData\\Local\\Temp\\rust_mozprofilek0I1Ov"
1653508879202	Marionette	INFO	Marionette enabled
console.warn: SearchSettings: "get: No settings file exists, new profile?" (new NotFoundError("Could not open the file at C:\\Users\\Alex\\AppData\\Local\\Temp\\rust_mozprofilek0I1Ov\\search.json.mozlz4", (void 0)))
DevTools listening on ws://localhost:53871/devtools/browser/1b9e3942-9e4d-44fd-afbc-1279db95497b
1653508880896	Marionette	INFO	Listening on port 53894
Read port: 53894
1653508880983	RemoteAgent	WARN	TLS certificate errors will be ignored for this session
1653508881713	Marionette	INFO	Stopped listening on port 53894
console.error: Region.jsm: "Error fetching region" (new TypeError("NetworkError when attempting to fetch resource.", ""))
console.error: Region.jsm: "Failed to fetch region" (new Error("NO_RESULT", "resource://gre/modules/Region.jsm", 419))
JavaScript error: resource://gre/modules/TerminatorTelemetry.jsm, line 71: AbortError: IOUtils: Shutting down and refusing additional I/O tasks
1653508891272	geckodriver	INFO	Listening on 127.0.0.1:53919
1653508893281	mozrunner::runner	INFO	Running command: "C:\\Program Files\\Mozilla Firefox\\firefox.exe" "--marionette" "--remote-debugging-port" "53920" "--remote-allow-hosts" "localhost" "-no-remote" "-profile" "C:\\Users\\Alex\\AppData\\Local\\Temp\\rust_mozprofile0QXZtn"
1653508893630	Marionette	INFO	Marionette enabled
console.warn: SearchSettings: "get: No settings file exists, new profile?" (new NotFoundError("Could not open the file at C:\\Users\\Alex\\AppData\\Local\\Temp\\rust_mozprofile0QXZtn\\search.json.mozlz4", (void 0)))
DevTools listening on ws://localhost:53920/devtools/browser/80f0f30e-1e39-4662-af86-56a4cf0ccc07
1653508895209	Marionette	INFO	Listening on port 53947
Read port: 53947
1653508895251	RemoteAgent	WARN	TLS certificate errors will be ignored for this session
1653508895930	Marionette	INFO	Stopped listening on port 53947
JavaScript error: chrome://global/content/commonDialog.xhtml, line 1: ReferenceError: commonDialogOnUnload is not defined
console.error: Region.jsm: "Error fetching region" (new TypeError("NetworkError when attempting to fetch resource.", ""))
console.error: Region.jsm: "Failed to fetch region" (new Error("NO_RESULT", "resource://gre/modules/Region.jsm", 419))
1653508919208	geckodriver	INFO	Listening on 127.0.0.1:53975
1653508921228	mozrunner::runner	INFO	Running command: "C:\\Program Files\\Mozilla Firefox\\firefox.exe" "--marionette" "--remote-debugging-port" "53976" "--remote-allow-hosts" "localhost" "-no-remote" "-profile" "C:\\Users\\Alex\\AppData\\Local\\Temp\\rust_mozprofilevaM7K2"
1653508921569	Marionette	INFO	Marionette enabled
console.warn: SearchSettings: "get: No settings file exists, new profile?" (new NotFoundError("Could not open the file at C:\\Users\\Alex\\AppData\\Local\\Temp\\rust_mozprofilevaM7K2\\search.json.mozlz4", (void 0)))
DevTools listening on ws://localhost:53976/devtools/browser/59f95a0a-0633-409f-a057-19ee3912e93a
1653508923173	Marionette	INFO	Listening on port 53997
Read port: 53997
1653508923218	RemoteAgent	WARN	TLS certificate errors will be ignored for this session
1653508923909	Marionette	INFO	Stopped listening on port 53997
JavaScript error: chrome://global/content/commonDialog.xhtml, line 1: ReferenceError: commonDialogOnUnload is not defined
console.error: Region.jsm: "Error fetching region" (new TypeError("NetworkError when attempting to fetch resource.", ""))
console.error: Region.jsm: "Failed to fetch region" (new Error("NO_RESULT", "resource://gre/modules/Region.jsm", 419))
JavaScript error: resource://gre/modules/TerminatorTelemetry.jsm, line 71: AbortError: IOUtils: Shutting down and refusing additional I/O tasks

###!!! [Parent][PGPUParent] Error: RunMessage(msgname=PGPU::Msg_ShutdownVR) Channel closing: too late to send/recv, messages will be lost

1653508983937	geckodriver	INFO	Listening on 127.0.0.1:54048
1653508985949	mozrunner::runner	INFO	Running command: "C:\\Program Files\\Mozilla Firefox\\firefox.exe" "--marionette" "--remote-debugging-port" "54049" "--remote-allow-hosts" "localhost" "-no-remote" "-profile" "C:\\Users\\Alex\\AppData\\Local\\Temp\\rust_mozprofile4JbbJ8"
1653508986302	Marionette	INFO	Marionette enabled
console.warn: SearchSettings: "get: No settings file exists, new profile?" (new NotFoundError("Could not open the file at C:\\Users\\Alex\\AppData\\Local\\Temp\\rust_mozprofile4JbbJ8\\search.json.mozlz4", (void 0)))
DevTools listening on ws://localhost:54049/devtools/browser/609f060b-2956-4ad4-b6d2-19b357d2604a
1653508987932	Marionette	INFO	Listening on port 54070
Read port: 54070
1653508988030	RemoteAgent	WARN	TLS certificate errors will be ignored for this session
1653508988714	Marionette	INFO	Stopped listening on port 54070
JavaScript error: chrome://global/content/commonDialog.xhtml, line 1: ReferenceError: commonDialogOnUnload is not defined
console.error: Region.jsm: "Error fetching region" (new TypeError("NetworkError when attempting to fetch resource.", ""))
console.error: Region.jsm: "Failed to fetch region" (new Error("NO_RESULT", "resource://gre/modules/Region.jsm", 419))
JavaScript error: resource://gre/modules/TerminatorTelemetry.jsm, line 71: AbortError: IOUtils: Shutting down and refusing additional I/O tasks

###!!! [Parent][PGPUParent] Error: RunMessage(msgname=PGPU::Msg_ShutdownVR) Channel closing: too late to send/recv, messages will be lost

1653509233033	geckodriver	INFO	Listening on 127.0.0.1:54173
1653509235046	mozrunner::runner	INFO	Running command: "C:\\Program Files\\Mozilla Firefox\\firefox.exe" "--marionette" "--remote-debugging-port" "54174" "--remote-allow-hosts" "localhost" "-no-remote" "-profile" "C:\\Users\\Alex\\AppData\\Local\\Temp\\rust_mozprofileOBbTC7"
1653509235380	Marionette	INFO	Marionette enabled
console.warn: SearchSettings: "get: No settings file exists, new profile?" (new NotFoundError("Could not open the file at C:\\Users\\Alex\\AppData\\Local\\Temp\\rust_mozprofileOBbTC7\\search.json.mozlz4", (void 0)))
DevTools listening on ws://localhost:54174/devtools/browser/5ed372f2-5203-4d31-80ea-ffb46d37f64e
1653509236993	Marionette	INFO	Listening on port 54204
Read port: 54204
1653509237030	RemoteAgent	WARN	TLS certificate errors will be ignored for this session
1653509237705	Marionette	INFO	Stopped listening on port 54204
JavaScript error: resource://gre/modules/Prompter.jsm, line 1057: AbortError: Actor 'Prompt' destroyed before query 'Prompt:Open' was resolved
console.error: Region.jsm: "Error fetching region" (new TypeError("NetworkError when attempting to fetch resource.", ""))
console.error: Region.jsm: "Failed to fetch region" (new Error("NO_RESULT", "resource://gre/modules/Region.jsm", 419))
JavaScript error: resource://gre/modules/TerminatorTelemetry.jsm, line 71: AbortError: IOUtils: Shutting down and refusing additional I/O tasks
1653509409992	geckodriver	INFO	Listening on 127.0.0.1:54294
1653509412021	mozrunner::runner	INFO	Running command: "C:\\Program Files\\Mozilla Firefox\\firefox.exe" "--marionette" "--remote-debugging-port" "54295" "--remote-allow-hosts" "localhost" "-no-remote" "-profile" "C:\\Users\\Alex\\AppData\\Local\\Temp\\rust_mozprofile2zkEkl"
1653509412370	Marionette	INFO	Marionette enabled
console.warn: SearchSettings: "get: No settings file exists, new profile?" (new NotFoundError("Could not open the file at C:\\Users\\Alex\\AppData\\Local\\Temp\\rust_mozprofile2zkEkl\\search.json.mozlz4", (void 0)))
DevTools listening on ws://localhost:54295/devtools/browser/bd6dba96-695f-4fe7-b6bd-063663567512
1653509414057	Marionette	INFO	Listening on port 54317
Read port: 54317
1653509414121	RemoteAgent	WARN	TLS certificate errors will be ignored for this session
1653509414890	Marionette	INFO	Stopped listening on port 54317
JavaScript error: resource://gre/modules/Prompter.jsm, line 1057: AbortError: Actor 'Prompt' destroyed before query 'Prompt:Open' was resolved
console.error: Region.jsm: "Error fetching region" (new TypeError("NetworkError when attempting to fetch resource.", ""))
console.error: Region.jsm: "Failed to fetch region" (new Error("NO_RESULT", "resource://gre/modules/Region.jsm", 419))
JavaScript error: resource://gre/modules/TerminatorTelemetry.jsm, line 71: AbortError: IOUtils: Shutting down and refusing additional I/O tasks
1653509636588	geckodriver	INFO	Listening on 127.0.0.1:63012
1653509638600	mozrunner::runner	INFO	Running command: "C:\\Program Files\\Mozilla Firefox\\firefox.exe" "--marionette" "--remote-debugging-port" "63013" "--remote-allow-hosts" "localhost" "-no-remote" "-profile" "C:\\Users\\Alex\\AppData\\Local\\Temp\\rust_mozprofilepCKbv3"
1653509638953	Marionette	INFO	Marionette enabled
console.warn: SearchSettings: "get: No settings file exists, new profile?" (new NotFoundError("Could not open the file at C:\\Users\\Alex\\AppData\\Local\\Temp\\rust_mozprofilepCKbv3\\search.json.mozlz4", (void 0)))
DevTools listening on ws://localhost:63013/devtools/browser/34a8d83f-15f3-4180-b112-ccdd32385838
1653509640631	Marionette	INFO	Listening on port 63036
Read port: 63036
1653509640711	RemoteAgent	WARN	TLS certificate errors will be ignored for this session
1653509641384	Marionette	INFO	Stopped listening on port 63036
JavaScript error: resource://gre/modules/Prompter.jsm, line 1057: AbortError: Actor 'Prompt' destroyed before query 'Prompt:Open' was resolved
console.error: Region.jsm: "Error fetching region" (new TypeError("NetworkError when attempting to fetch resource.", ""))
console.error: Region.jsm: "Failed to fetch region" (new Error("NO_RESULT", "resource://gre/modules/Region.jsm", 419))
JavaScript error: resource://gre/modules/TerminatorTelemetry.jsm, line 71: AbortError: IOUtils: Shutting down and refusing additional I/O tasks
1653509652776	geckodriver	INFO	Listening on 127.0.0.1:63058
1653509654805	mozrunner::runner	INFO	Running command: "C:\\Program Files\\Mozilla Firefox\\firefox.exe" "--marionette" "--remote-debugging-port" "63059" "--remote-allow-hosts" "localhost" "-no-remote" "-profile" "C:\\Users\\Alex\\AppData\\Local\\Temp\\rust_mozprofilei74zvm"
1653509655159	Marionette	INFO	Marionette enabled
console.warn: SearchSettings: "get: No settings file exists, new profile?" (new NotFoundError("Could not open the file at C:\\Users\\Alex\\AppData\\Local\\Temp\\rust_mozprofilei74zvm\\search.json.mozlz4", (void 0)))
DevTools listening on ws://localhost:63059/devtools/browser/80e5a99c-d2f8-43ca-9887-96f6995a4475
1653509656754	Marionette	INFO	Listening on port 63083
Read port: 63083
1653509656788	RemoteAgent	WARN	TLS certificate errors will be ignored for this session
console.error: Region.jsm: "Error fetching region" (new TypeError("NetworkError when attempting to fetch resource.", ""))
console.error: Region.jsm: "Failed to fetch region" (new Error("NO_RESULT", "resource://gre/modules/Region.jsm", 419))
1653509657773	Marionette	WARN	TimedPromise timed out after 500 ms: stacktrace:
TimedPromise/<@chrome://remote/content/marionette/sync.js:235:19
TimedPromise@chrome://remote/content/marionette/sync.js:220:10
interaction.flushEventLoop@chrome://remote/content/marionette/interaction.js:431:10
webdriverClickElement@chrome://remote/content/marionette/interaction.js:179:31
1653509658551	Marionette	WARN	TimedPromise timed out after 500 ms: stacktrace:
TimedPromise/<@chrome://remote/content/marionette/sync.js:235:19
TimedPromise@chrome://remote/content/marionette/sync.js:220:10
interaction.flushEventLoop@chrome://remote/content/marionette/interaction.js:431:10
webdriverClickElement@chrome://remote/content/marionette/interaction.js:179:31
1653509663371	Marionette	INFO	Stopped listening on port 63083

###!!! [Parent][PGPUParent] Error: RunMessage(msgname=PGPU::Msg_ShutdownVR) Channel closing: too late to send/recv, messages will be lost

1653509685562	geckodriver	INFO	Listening on 127.0.0.1:63132
1653509687585	mozrunner::runner	INFO	Running command: "C:\\Program Files\\Mozilla Firefox\\firefox.exe" "--marionette" "--remote-debugging-port" "63133" "--remote-allow-hosts" "localhost" "-no-remote" "-profile" "C:\\Users\\Alex\\AppData\\Local\\Temp\\rust_mozprofile3WlEf8"
1653509687966	Marionette	INFO	Marionette enabled
console.warn: SearchSettings: "get: No settings file exists, new profile?" (new NotFoundError("Could not open the file at C:\\Users\\Alex\\AppData\\Local\\Temp\\rust_mozprofile3WlEf8\\search.json.mozlz4", (void 0)))
DevTools listening on ws://localhost:63133/devtools/browser/dca98816-ae27-4eae-9fc9-e099b8dd2d6d
1653509689626	Marionette	INFO	Listening on port 63155
Read port: 63155
1653509689692	RemoteAgent	WARN	TLS certificate errors will be ignored for this session
1653509690366	Marionette	INFO	Stopped listening on port 63155
JavaScript error: chrome://global/content/commonDialog.xhtml, line 1: ReferenceError: commonDialogOnUnload is not defined
console.error: Region.jsm: "Error fetching region" (new TypeError("NetworkError when attempting to fetch resource.", ""))
console.error: Region.jsm: "Failed to fetch region" (new Error("NO_RESULT", "resource://gre/modules/Region.jsm", 419))
[Parent 6592, IPC I/O Parent] WARNING: file /builds/worker/checkouts/gecko/ipc/chromium/src/base/process_util_win.cc:167
JavaScript error: resource://gre/modules/TerminatorTelemetry.jsm, line 71: AbortError: IOUtils: Shutting down and refusing additional I/O tasks

###!!! [Parent][PGPUParent] Error: RunMessage(msgname=PGPU::Msg_ShutdownVR) Channel closing: too late to send/recv, messages will be lost

1653509711520	geckodriver	INFO	Listening on 127.0.0.1:63183
1653509713539	mozrunner::runner	INFO	Running command: "C:\\Program Files\\Mozilla Firefox\\firefox.exe" "--marionette" "--remote-debugging-port" "63184" "--remote-allow-hosts" "localhost" "-no-remote" "-profile" "C:\\Users\\Alex\\AppData\\Local\\Temp\\rust_mozprofileycVyTP"
1653509713886	Marionette	INFO	Marionette enabled
console.warn: SearchSettings: "get: No settings file exists, new profile?" (new NotFoundError("Could not open the file at C:\\Users\\Alex\\AppData\\Local\\Temp\\rust_mozprofileycVyTP\\search.json.mozlz4", (void 0)))
DevTools listening on ws://localhost:63184/devtools/browser/c8ddf414-f758-4e48-9241-51cff0527ad9
1653509715522	Marionette	INFO	Listening on port 63210
Read port: 63210
1653509715619	RemoteAgent	WARN	TLS certificate errors will be ignored for this session
1653509716282	Marionette	INFO	Stopped listening on port 63210
console.error: Region.jsm: "Error fetching region" (new TypeError("NetworkError when attempting to fetch resource.", ""))
console.error: Region.jsm: "Failed to fetch region" (new Error("NO_RESULT", "resource://gre/modules/Region.jsm", 419))
JavaScript error: resource://gre/modules/TerminatorTelemetry.jsm, line 71: AbortError: IOUtils: Shutting down and refusing additional I/O tasks

###!!! [Parent][PGPUParent] Error: RunMessage(msgname=PGPU::Msg_ShutdownVR) Channel closing: too late to send/recv, messages will be lost

1653509737754	geckodriver	INFO	Listening on 127.0.0.1:63249
1653509739764	mozrunner::runner	INFO	Running command: "C:\\Program Files\\Mozilla Firefox\\firefox.exe" "--marionette" "--remote-debugging-port" "63250" "--remote-allow-hosts" "localhost" "-no-remote" "-profile" "C:\\Users\\Alex\\AppData\\Local\\Temp\\rust_mozprofileHEwrtq"
1653509740124	Marionette	INFO	Marionette enabled
console.warn: SearchSettings: "get: No settings file exists, new profile?" (new NotFoundError("Could not open the file at C:\\Users\\Alex\\AppData\\Local\\Temp\\rust_mozprofileHEwrtq\\search.json.mozlz4", (void 0)))
DevTools listening on ws://localhost:63250/devtools/browser/d9558905-dc8b-47c3-a91a-1290fa966339
1653509741744	Marionette	INFO	Listening on port 63271
Read port: 63271
1653509741848	RemoteAgent	WARN	TLS certificate errors will be ignored for this session
1653509742506	Marionette	INFO	Stopped listening on port 63271
JavaScript error: resource://gre/modules/Prompter.jsm, line 1057: AbortError: Actor 'Prompt' destroyed before query 'Prompt:Open' was resolved
console.error: Region.jsm: "Error fetching region" (new TypeError("NetworkError when attempting to fetch resource.", ""))
console.error: Region.jsm: "Failed to fetch region" (new Error("NO_RESULT", "resource://gre/modules/Region.jsm", 419))
[Parent 11916, IPC I/O Parent] WARNING: file /builds/worker/checkouts/gecko/ipc/chromium/src/base/process_util_win.cc:167
JavaScript error: resource://gre/modules/TerminatorTelemetry.jsm, line 71: AbortError: IOUtils: Shutting down and refusing additional I/O tasks
1653510139027	geckodriver	INFO	Listening on 127.0.0.1:60442
1653510141075	mozrunner::runner	INFO	Running command: "C:\\Program Files\\Mozilla Firefox\\firefox.exe" "--marionette" "--remote-debugging-port" "60443" "--remote-allow-hosts" "localhost" "-no-remote" "-profile" "C:\\Users\\Alex\\AppData\\Local\\Temp\\rust_mozprofilesWmx9N"
1653510141407	Marionette	INFO	Marionette enabled
console.warn: SearchSettings: "get: No settings file exists, new profile?" (new NotFoundError("Could not open the file at C:\\Users\\Alex\\AppData\\Local\\Temp\\rust_mozprofilesWmx9N\\search.json.mozlz4", (void 0)))
DevTools listening on ws://localhost:60443/devtools/browser/3873ccc2-c10c-40b2-947a-af384942ae22
1653510143033	Marionette	INFO	Listening on port 60465
Read port: 60465
1653510143070	RemoteAgent	WARN	TLS certificate errors will be ignored for this session
console.error: Region.jsm: "Error fetching region" (new TypeError("NetworkError when attempting to fetch resource.", ""))
console.error: Region.jsm: "Failed to fetch region" (new Error("NO_RESULT", "resource://gre/modules/Region.jsm", 419))
1653510158775	Marionette	INFO	Stopped listening on port 60465
1653510163942	geckodriver	INFO	Listening on 127.0.0.1:60508
1653510165974	mozrunner::runner	INFO	Running command: "C:\\Program Files\\Mozilla Firefox\\firefox.exe" "--marionette" "--remote-debugging-port" "60509" "--remote-allow-hosts" "localhost" "-no-remote" "-profile" "C:\\Users\\Alex\\AppData\\Local\\Temp\\rust_mozprofiletAo8yj"
1653510166344	Marionette	INFO	Marionette enabled
console.warn: SearchSettings: "get: No settings file exists, new profile?" (new NotFoundError("Could not open the file at C:\\Users\\Alex\\AppData\\Local\\Temp\\rust_mozprofiletAo8yj\\search.json.mozlz4", (void 0)))
DevTools listening on ws://localhost:60509/devtools/browser/644e4532-554f-46e5-8524-4656a3ffe0e5
1653510167832	Marionette	INFO	Listening on port 60529
Read port: 60529
1653510167885	RemoteAgent	WARN	TLS certificate errors will be ignored for this session
console.error: Region.jsm: "Error fetching region" (new TypeError("NetworkError when attempting to fetch resource.", ""))
console.error: Region.jsm: "Failed to fetch region" (new Error("NO_RESULT", "resource://gre/modules/Region.jsm", 419))
1653510174589	Marionette	INFO	Stopped listening on port 60529
[Parent 20284, IPC I/O Parent] WARNING: file /builds/worker/checkouts/gecko/ipc/chromium/src/base/process_util_win.cc:167
1653510220106	geckodriver	INFO	Listening on 127.0.0.1:60589
1653510222134	mozrunner::runner	INFO	Running command: "C:\\Program Files\\Mozilla Firefox\\firefox.exe" "--marionette" "--remote-debugging-port" "60590" "--remote-allow-hosts" "localhost" "-no-remote" "-profile" "C:\\Users\\Alex\\AppData\\Local\\Temp\\rust_mozprofilekHIRrY"
1653510222470	Marionette	INFO	Marionette enabled
console.warn: SearchSettings: "get: No settings file exists, new profile?" (new NotFoundError("Could not open the file at C:\\Users\\Alex\\AppData\\Local\\Temp\\rust_mozprofilekHIRrY\\search.json.mozlz4", (void 0)))
DevTools listening on ws://localhost:60590/devtools/browser/7c6219db-eb02-4ba9-b3f1-7b13930b07ae
1653510224040	Marionette	INFO	Listening on port 60610
Read port: 60610
1653510224177	RemoteAgent	WARN	TLS certificate errors will be ignored for this session
console.error: Region.jsm: "Error fetching region" (new TypeError("NetworkError when attempting to fetch resource.", ""))
console.error: Region.jsm: "Failed to fetch region" (new Error("NO_RESULT", "resource://gre/modules/Region.jsm", 419))
1653510225121	Marionette	WARN	TimedPromise timed out after 500 ms: stacktrace:
TimedPromise/<@chrome://remote/content/marionette/sync.js:235:19
TimedPromise@chrome://remote/content/marionette/sync.js:220:10
interaction.flushEventLoop@chrome://remote/content/marionette/interaction.js:431:10
webdriverClickElement@chrome://remote/content/marionette/interaction.js:179:31
1653510231708	Marionette	INFO	Stopped listening on port 60610

###!!! [Parent][PGPUParent] Error: RunMessage(msgname=PGPU::Msg_ShutdownVR) Channel closing: too late to send/recv, messages will be lost

1653513960335	geckodriver	INFO	Listening on 127.0.0.1:59788
1653513962378	mozrunner::runner	INFO	Running command: "C:\\Program Files\\Mozilla Firefox\\firefox.exe" "--marionette" "--remote-debugging-port" "59789" "--remote-allow-hosts" "localhost" "-no-remote" "-profile" "C:\\Users\\Alex\\AppData\\Local\\Temp\\rust_mozprofilenOB6vb"
1653513962776	Marionette	INFO	Marionette enabled
console.warn: SearchSettings: "get: No settings file exists, new profile?" (new NotFoundError("Could not open the file at C:\\Users\\Alex\\AppData\\Local\\Temp\\rust_mozprofilenOB6vb\\search.json.mozlz4", (void 0)))
DevTools listening on ws://localhost:59789/devtools/browser/a44ef756-8b07-4ff7-9066-607d10961100
1653513964376	Marionette	INFO	Listening on port 59810
Read port: 59810
1653513964474	RemoteAgent	WARN	TLS certificate errors will be ignored for this session
console.error: Region.jsm: "Error fetching region" (new TypeError("NetworkError when attempting to fetch resource.", ""))
console.error: Region.jsm: "Failed to fetch region" (new Error("NO_RESULT", "resource://gre/modules/Region.jsm", 419))
1653513965409	Marionette	WARN	TimedPromise timed out after 500 ms: stacktrace:
TimedPromise/<@chrome://remote/content/marionette/sync.js:235:19
TimedPromise@chrome://remote/content/marionette/sync.js:220:10
interaction.flushEventLoop@chrome://remote/content/marionette/interaction.js:431:10
webdriverClickElement@chrome://remote/content/marionette/interaction.js:179:31
1653513968094	Marionette	INFO	Stopped listening on port 59810
1653513980336	geckodriver	INFO	Listening on 127.0.0.1:59853
1653513982361	mozrunner::runner	INFO	Running command: "C:\\Program Files\\Mozilla Firefox\\firefox.exe" "--marionette" "--remote-debugging-port" "59854" "--remote-allow-hosts" "localhost" "-no-remote" "-profile" "C:\\Users\\Alex\\AppData\\Local\\Temp\\rust_mozprofileU0CmAF"
1653513982702	Marionette	INFO	Marionette enabled
console.warn: SearchSettings: "get: No settings file exists, new profile?" (new NotFoundError("Could not open the file at C:\\Users\\Alex\\AppData\\Local\\Temp\\rust_mozprofileU0CmAF\\search.json.mozlz4", (void 0)))
DevTools listening on ws://localhost:59854/devtools/browser/173b65eb-7044-4919-90eb-3d242df53f75
1653513984515	Marionette	INFO	Listening on port 59878
Read port: 59878
1653513984575	RemoteAgent	WARN	TLS certificate errors will be ignored for this session
console.error: Region.jsm: "Error fetching region" (new TypeError("NetworkError when attempting to fetch resource.", ""))
console.error: Region.jsm: "Failed to fetch region" (new Error("NO_RESULT", "resource://gre/modules/Region.jsm", 419))
1653513985717	Marionette	WARN	TimedPromise timed out after 500 ms: stacktrace:
TimedPromise/<@chrome://remote/content/marionette/sync.js:235:19
TimedPromise@chrome://remote/content/marionette/sync.js:220:10
interaction.flushEventLoop@chrome://remote/content/marionette/interaction.js:431:10
webdriverClickElement@chrome://remote/content/marionette/interaction.js:179:31
JavaScript error: resource://gre/modules/XULStore.jsm, line 66: Error: Can't find profile directory.
JavaScript error: resource://gre/modules/XULStore.jsm, line 66: Error: Can't find profile directory.
1653513993833	Marionette	INFO	Stopped listening on port 59878

###!!! [Parent][PGPUParent] Error: RunMessage(msgname=PGPU::Msg_ShutdownVR) Channel closing: too late to send/recv, messages will be lost

1653514143409	geckodriver	INFO	Listening on 127.0.0.1:59989
1653514145438	mozrunner::runner	INFO	Running command: "C:\\Program Files\\Mozilla Firefox\\firefox.exe" "--marionette" "--remote-debugging-port" "59990" "--remote-allow-hosts" "localhost" "-no-remote" "-profile" "C:\\Users\\Alex\\AppData\\Local\\Temp\\rust_mozprofile5VqZ3N"
1653514145820	Marionette	INFO	Marionette enabled
console.warn: SearchSettings: "get: No settings file exists, new profile?" (new NotFoundError("Could not open the file at C:\\Users\\Alex\\AppData\\Local\\Temp\\rust_mozprofile5VqZ3N\\search.json.mozlz4", (void 0)))
DevTools listening on ws://localhost:59990/devtools/browser/5b798866-2c94-48be-9d25-575aedaf0733
1653514147520	Marionette	INFO	Listening on port 60012
Read port: 60012
1653514147647	RemoteAgent	WARN	TLS certificate errors will be ignored for this session
console.error: Region.jsm: "Error fetching region" (new TypeError("NetworkError when attempting to fetch resource.", ""))
console.error: Region.jsm: "Failed to fetch region" (new Error("NO_RESULT", "resource://gre/modules/Region.jsm", 419))
JavaScript error: resource://gre/modules/XULStore.jsm, line 66: Error: Can't find profile directory.
JavaScript error: resource://gre/modules/XULStore.jsm, line 66: Error: Can't find profile directory.
JavaScript error: http://localhost:3001/static/js/2.e3685013.chunk.js, line 2: Error: Network Error
1653514159613	Marionette	INFO	Stopped listening on port 60012
1653514660413	geckodriver	INFO	Listening on 127.0.0.1:60301
1653514662442	mozrunner::runner	INFO	Running command: "C:\\Program Files\\Mozilla Firefox\\firefox.exe" "--marionette" "--remote-debugging-port" "60302" "--remote-allow-hosts" "localhost" "-no-remote" "-profile" "C:\\Users\\Alex\\AppData\\Local\\Temp\\rust_mozprofileqq6aJ9"
1653514662881	Marionette	INFO	Marionette enabled
console.warn: SearchSettings: "get: No settings file exists, new profile?" (new NotFoundError("Could not open the file at C:\\Users\\Alex\\AppData\\Local\\Temp\\rust_mozprofileqq6aJ9\\search.json.mozlz4", (void 0)))
DevTools listening on ws://localhost:60302/devtools/browser/172c2a95-9628-4434-bf8e-682943c3704e
1653514664620	Marionette	INFO	Listening on port 60324
Read port: 60324
1653514664679	RemoteAgent	WARN	TLS certificate errors will be ignored for this session
console.error: Region.jsm: "Error fetching region" (new TypeError("NetworkError when attempting to fetch resource.", ""))
console.error: Region.jsm: "Failed to fetch region" (new Error("NO_RESULT", "resource://gre/modules/Region.jsm", 419))
1653514665632	Marionette	WARN	TimedPromise timed out after 500 ms: stacktrace:
TimedPromise/<@chrome://remote/content/marionette/sync.js:235:19
TimedPromise@chrome://remote/content/marionette/sync.js:220:10
interaction.flushEventLoop@chrome://remote/content/marionette/interaction.js:431:10
webdriverClickElement@chrome://remote/content/marionette/interaction.js:179:31
1653514674839	Marionette	WARN	TimedPromise timed out after 500 ms: stacktrace:
TimedPromise/<@chrome://remote/content/marionette/sync.js:235:19
TimedPromise@chrome://remote/content/marionette/sync.js:220:10
interaction.flushEventLoop@chrome://remote/content/marionette/interaction.js:431:10
webdriverClickElement@chrome://remote/content/marionette/interaction.js:179:31
JavaScript error: resource://gre/modules/XULStore.jsm, line 66: Error: Can't find profile directory.
JavaScript error: resource://gre/modules/XULStore.jsm, line 66: Error: Can't find profile directory.
JavaScript error: http://localhost:3001/static/js/2.e3685013.chunk.js, line 2: Error: Network Error
1653514677752	Marionette	INFO	Stopped listening on port 60324
1653514698100	geckodriver	INFO	Listening on 127.0.0.1:60384
1653514700131	mozrunner::runner	INFO	Running command: "C:\\Program Files\\Mozilla Firefox\\firefox.exe" "--marionette" "--remote-debugging-port" "60385" "--remote-allow-hosts" "localhost" "-no-remote" "-profile" "C:\\Users\\Alex\\AppData\\Local\\Temp\\rust_mozprofileTHMKSn"
1653514700484	Marionette	INFO	Marionette enabled
console.warn: SearchSettings: "get: No settings file exists, new profile?" (new NotFoundError("Could not open the file at C:\\Users\\Alex\\AppData\\Local\\Temp\\rust_mozprofileTHMKSn\\search.json.mozlz4", (void 0)))
DevTools listening on ws://localhost:60385/devtools/browser/d51047b9-a3be-4610-b88b-a7b338754b01
1653514702086	Marionette	INFO	Listening on port 60407
Read port: 60407
1653514702132	RemoteAgent	WARN	TLS certificate errors will be ignored for this session
console.error: Region.jsm: "Error fetching region" (new TypeError("NetworkError when attempting to fetch resource.", ""))
console.error: Region.jsm: "Failed to fetch region" (new Error("NO_RESULT", "resource://gre/modules/Region.jsm", 419))
JavaScript error: resource://gre/modules/XULStore.jsm, line 66: Error: Can't find profile directory.
JavaScript error: resource://gre/modules/XULStore.jsm, line 66: Error: Can't find profile directory.
JavaScript error: http://localhost:3001/static/js/2.e3685013.chunk.js, line 2: Error: Network Error
1653514713542	Marionette	INFO	Stopped listening on port 60407

###!!! [Child][PContentChild] Error: RunMessage(msgname=PWebSocket::Msg___delete__) Channel closing: too late to send/recv, messages will be lost


###!!! [Parent][PGPUParent] Error: RunMessage(msgname=PGPU::Msg_ShutdownVR) Channel closing: too late to send/recv, messages will be lost

1653514883364	geckodriver	INFO	Listening on 127.0.0.1:60535
1653514885391	mozrunner::runner	INFO	Running command: "C:\\Program Files\\Mozilla Firefox\\firefox.exe" "--marionette" "--remote-debugging-port" "60536" "--remote-allow-hosts" "localhost" "-no-remote" "-profile" "C:\\Users\\Alex\\AppData\\Local\\Temp\\rust_mozprofileIcPDO7"
1653514885724	Marionette	INFO	Marionette enabled
console.warn: SearchSettings: "get: No settings file exists, new profile?" (new NotFoundError("Could not open the file at C:\\Users\\Alex\\AppData\\Local\\Temp\\rust_mozprofileIcPDO7\\search.json.mozlz4", (void 0)))
DevTools listening on ws://localhost:60536/devtools/browser/206f41e9-2013-40b6-848a-bfb720120dfa
1653514887356	Marionette	INFO	Listening on port 60559
Read port: 60559
1653514887474	RemoteAgent	WARN	TLS certificate errors will be ignored for this session
console.error: Region.jsm: "Error fetching region" (new TypeError("NetworkError when attempting to fetch resource.", ""))
console.error: Region.jsm: "Failed to fetch region" (new Error("NO_RESULT", "resource://gre/modules/Region.jsm", 419))
JavaScript error: resource://gre/modules/XULStore.jsm, line 66: Error: Can't find profile directory.
JavaScript error: resource://gre/modules/XULStore.jsm, line 66: Error: Can't find profile directory.
1653514896662	Marionette	INFO	Stopped listening on port 60559
JavaScript error: resource://gre/modules/Sqlite.jsm, line 761: Error: Connection closed before committing the transaction.
1653515322742	geckodriver	INFO	Listening on 127.0.0.1:51220
1653515324772	mozrunner::runner	INFO	Running command: "C:\\Program Files\\Mozilla Firefox\\firefox.exe" "--marionette" "--remote-debugging-port" "51221" "--remote-allow-hosts" "localhost" "-no-remote" "-profile" "C:\\Users\\Alex\\AppData\\Local\\Temp\\rust_mozprofileBQWlSM"
1653515325105	Marionette	INFO	Marionette enabled
console.warn: SearchSettings: "get: No settings file exists, new profile?" (new NotFoundError("Could not open the file at C:\\Users\\Alex\\AppData\\Local\\Temp\\rust_mozprofileBQWlSM\\search.json.mozlz4", (void 0)))
DevTools listening on ws://localhost:51221/devtools/browser/65464401-fe24-4c22-87ec-ee2870ffab60
1653515326648	Marionette	INFO	Listening on port 51244
Read port: 51244
1653515326687	RemoteAgent	WARN	TLS certificate errors will be ignored for this session
console.error: Region.jsm: "Error fetching region" (new TypeError("NetworkError when attempting to fetch resource.", ""))
console.error: Region.jsm: "Failed to fetch region" (new Error("NO_RESULT", "resource://gre/modules/Region.jsm", 419))
JavaScript error: resource://gre/modules/XULStore.jsm, line 66: Error: Can't find profile directory.
JavaScript error: resource://gre/modules/XULStore.jsm, line 66: Error: Can't find profile directory.
JavaScript error: http://localhost:3001/static/js/2.e3685013.chunk.js, line 2: Error: Network Error
1653515338126	Marionette	INFO	Stopped listening on port 51244
[Parent 8856, IPC I/O Parent] WARNING: file /builds/worker/checkouts/gecko/ipc/chromium/src/base/process_util_win.cc:167
1653515362366	geckodriver	INFO	Listening on 127.0.0.1:51303
1653515364404	mozrunner::runner	INFO	Running command: "C:\\Program Files\\Mozilla Firefox\\firefox.exe" "--marionette" "--remote-debugging-port" "51304" "--remote-allow-hosts" "localhost" "-no-remote" "-profile" "C:\\Users\\Alex\\AppData\\Local\\Temp\\rust_mozprofileSyvzaZ"
1653515364769	Marionette	INFO	Marionette enabled
console.warn: SearchSettings: "get: No settings file exists, new profile?" (new NotFoundError("Could not open the file at C:\\Users\\Alex\\AppData\\Local\\Temp\\rust_mozprofileSyvzaZ\\search.json.mozlz4", (void 0)))
DevTools listening on ws://localhost:51304/devtools/browser/922cad1b-7730-4a4a-b7d7-950ef779bda8
1653515366369	Marionette	INFO	Listening on port 51326
Read port: 51326
1653515366487	RemoteAgent	WARN	TLS certificate errors will be ignored for this session
console.error: Region.jsm: "Error fetching region" (new TypeError("NetworkError when attempting to fetch resource.", ""))
console.error: Region.jsm: "Failed to fetch region" (new Error("NO_RESULT", "resource://gre/modules/Region.jsm", 419))
JavaScript error: resource://gre/modules/XULStore.jsm, line 66: Error: Can't find profile directory.
JavaScript error: resource://gre/modules/XULStore.jsm, line 66: Error: Can't find profile directory.
JavaScript error: http://localhost:3001/static/js/2.e3685013.chunk.js, line 2: Error: Network Error
1653515377917	Marionette	INFO	Stopped listening on port 51326

###!!! [Parent][PGPUParent] Error: RunMessage(msgname=PGPU::Msg_ShutdownVR) Channel closing: too late to send/recv, messages will be lost

1653515461517	geckodriver	INFO	Listening on 127.0.0.1:51404
1653515463551	mozrunner::runner	INFO	Running command: "C:\\Program Files\\Mozilla Firefox\\firefox.exe" "--marionette" "--remote-debugging-port" "51405" "--remote-allow-hosts" "localhost" "-no-remote" "-profile" "C:\\Users\\Alex\\AppData\\Local\\Temp\\rust_mozprofile4ObpjU"
1653515463920	Marionette	INFO	Marionette enabled
console.warn: SearchSettings: "get: No settings file exists, new profile?" (new NotFoundError("Could not open the file at C:\\Users\\Alex\\AppData\\Local\\Temp\\rust_mozprofile4ObpjU\\search.json.mozlz4", (void 0)))
DevTools listening on ws://localhost:51405/devtools/browser/a5f99e4a-7427-4bdb-9f5c-a1bcb8bf07a2
1653515465545	Marionette	INFO	Listening on port 51427
Read port: 51427
1653515465633	RemoteAgent	WARN	TLS certificate errors will be ignored for this session
1653515466307	Marionette	WARN	TimedPromise timed out after 500 ms: stacktrace:
TimedPromise/<@chrome://remote/content/marionette/sync.js:235:19
TimedPromise@chrome://remote/content/marionette/sync.js:220:10
interaction.flushEventLoop@chrome://remote/content/marionette/interaction.js:431:10
webdriverClickElement@chrome://remote/content/marionette/interaction.js:179:31
console.error: Region.jsm: "Error fetching region" (new TypeError("NetworkError when attempting to fetch resource.", ""))
console.error: Region.jsm: "Failed to fetch region" (new Error("NO_RESULT", "resource://gre/modules/Region.jsm", 419))
1653515475399	Marionette	WARN	TimedPromise timed out after 500 ms: stacktrace:
TimedPromise/<@chrome://remote/content/marionette/sync.js:235:19
TimedPromise@chrome://remote/content/marionette/sync.js:220:10
interaction.flushEventLoop@chrome://remote/content/marionette/interaction.js:431:10
webdriverClickElement@chrome://remote/content/marionette/interaction.js:179:31
JavaScript error: resource://gre/modules/XULStore.jsm, line 66: Error: Can't find profile directory.
JavaScript error: resource://gre/modules/XULStore.jsm, line 66: Error: Can't find profile directory.
1653515476150	Marionette	WARN	TimedPromise timed out after 500 ms: stacktrace:
TimedPromise/<@chrome://remote/content/marionette/sync.js:235:19
TimedPromise@chrome://remote/content/marionette/sync.js:220:10
interaction.flushEventLoop@chrome://remote/content/marionette/interaction.js:431:10
webdriverClickElement@chrome://remote/content/marionette/interaction.js:179:31
JavaScript error: http://localhost:3001/static/js/2.e3685013.chunk.js, line 2: Error: Network Error
1653515478856	Marionette	INFO	Stopped listening on port 51427
1653515630215	geckodriver	INFO	Listening on 127.0.0.1:51547
1653515632251	mozrunner::runner	INFO	Running command: "C:\\Program Files\\Mozilla Firefox\\firefox.exe" "--marionette" "--remote-debugging-port" "51548" "--remote-allow-hosts" "localhost" "-no-remote" "-profile" "C:\\Users\\Alex\\AppData\\Local\\Temp\\rust_mozprofileaDB4e7"
1653515632585	Marionette	INFO	Marionette enabled
console.warn: SearchSettings: "get: No settings file exists, new profile?" (new NotFoundError("Could not open the file at C:\\Users\\Alex\\AppData\\Local\\Temp\\rust_mozprofileaDB4e7\\search.json.mozlz4", (void 0)))
DevTools listening on ws://localhost:51548/devtools/browser/8e6b34db-fef7-463e-a50c-f53285bce6c7
1653515634159	Marionette	INFO	Listening on port 51570
Read port: 51570
1653515634246	RemoteAgent	WARN	TLS certificate errors will be ignored for this session
console.error: Region.jsm: "Error fetching region" (new TypeError("NetworkError when attempting to fetch resource.", ""))
console.error: Region.jsm: "Failed to fetch region" (new Error("NO_RESULT", "resource://gre/modules/Region.jsm", 419))
JavaScript error: resource://gre/modules/XULStore.jsm, line 66: Error: Can't find profile directory.
JavaScript error: resource://gre/modules/XULStore.jsm, line 66: Error: Can't find profile directory.
JavaScript error: http://localhost:3001/static/js/2.e3685013.chunk.js, line 2: Error: Network Error
1653515640709	Marionette	INFO	Stopped listening on port 51570

###!!! [Parent][PGPUParent] Error: RunMessage(msgname=PGPU::Msg_ShutdownVR) Channel closing: too late to send/recv, messages will be lost

1653591665784	geckodriver	INFO	Listening on 127.0.0.1:61972
1653591667827	mozrunner::runner	INFO	Running command: "C:\\Program Files\\Mozilla Firefox\\firefox.exe" "--marionette" "--remote-debugging-port" "61973" "--remote-allow-hosts" "localhost" "-no-remote" "-profile" "C:\\Users\\Alex\\AppData\\Local\\Temp\\rust_mozprofilehhclDV"
1653591668470	Marionette	INFO	Marionette enabled
console.warn: SearchSettings: "get: No settings file exists, new profile?" (new NotFoundError("Could not open the file at C:\\Users\\Alex\\AppData\\Local\\Temp\\rust_mozprofilehhclDV\\search.json.mozlz4", (void 0)))
DevTools listening on ws://localhost:61973/devtools/browser/c25305df-2996-440f-93a3-3e5a6e4a59b4
1653591670876	Marionette	INFO	Listening on port 61997
Read port: 61997
1653591670913	RemoteAgent	WARN	TLS certificate errors will be ignored for this session
console.error: Region.jsm: "Error fetching region" (new TypeError("NetworkError when attempting to fetch resource.", ""))
console.error: Region.jsm: "Failed to fetch region" (new Error("NO_RESULT", "resource://gre/modules/Region.jsm", 419))
1653591671880	Marionette	WARN	TimedPromise timed out after 500 ms: stacktrace:
TimedPromise/<@chrome://remote/content/marionette/sync.js:235:19
TimedPromise@chrome://remote/content/marionette/sync.js:220:10
interaction.flushEventLoop@chrome://remote/content/marionette/interaction.js:431:10
webdriverClickElement@chrome://remote/content/marionette/interaction.js:179:31
1653591673554	Marionette	INFO	Stopped listening on port 61997
JavaScript error: resource://gre/modules/UrlClassifierListManager.jsm, line 691: TypeError: this.tablesData[table] is undefined

###!!! [Parent][PGPUParent] Error: RunMessage(msgname=PGPU::Msg_ShutdownVR) Channel closing: too late to send/recv, messages will be lost

1653592710865	geckodriver	INFO	Listening on 127.0.0.1:51873
1653592712881	mozrunner::runner	INFO	Running command: "C:\\Program Files\\Mozilla Firefox\\firefox.exe" "--marionette" "--remote-debugging-port" "51874" "--remote-allow-hosts" "localhost" "-no-remote" "-profile" "C:\\Users\\Alex\\AppData\\Local\\Temp\\rust_mozprofileXHCwMJ"
1653592713214	Marionette	INFO	Marionette enabled
console.warn: SearchSettings: "get: No settings file exists, new profile?" (new NotFoundError("Could not open the file at C:\\Users\\Alex\\AppData\\Local\\Temp\\rust_mozprofileXHCwMJ\\search.json.mozlz4", (void 0)))
DevTools listening on ws://localhost:51874/devtools/browser/8631aa7c-bf5a-42f7-a2b2-2e2f4e3c2498
1653592714820	Marionette	INFO	Listening on port 51899
Read port: 51899
1653592714873	RemoteAgent	WARN	TLS certificate errors will be ignored for this session
console.error: Region.jsm: "Error fetching region" (new TypeError("NetworkError when attempting to fetch resource.", ""))
console.error: Region.jsm: "Failed to fetch region" (new Error("NO_RESULT", "resource://gre/modules/Region.jsm", 419))
JavaScript error: resource://gre/modules/XULStore.jsm, line 66: Error: Can't find profile directory.
JavaScript error: resource://gre/modules/XULStore.jsm, line 66: Error: Can't find profile directory.
JavaScript error: http://localhost:3001/static/js/2.e3685013.chunk.js, line 2: Error: Network Error
1653592721329	Marionette	INFO	Stopped listening on port 51899
1653592748162	geckodriver	INFO	Listening on 127.0.0.1:51952
1653592750183	mozrunner::runner	INFO	Running command: "C:\\Program Files\\Mozilla Firefox\\firefox.exe" "--marionette" "--remote-debugging-port" "51953" "--remote-allow-hosts" "localhost" "-no-remote" "-profile" "C:\\Users\\Alex\\AppData\\Local\\Temp\\rust_mozprofileNZPlM6"
1653592750550	Marionette	INFO	Marionette enabled
console.warn: SearchSettings: "get: No settings file exists, new profile?" (new NotFoundError("Could not open the file at C:\\Users\\Alex\\AppData\\Local\\Temp\\rust_mozprofileNZPlM6\\search.json.mozlz4", (void 0)))
DevTools listening on ws://localhost:51953/devtools/browser/9c945c4d-073b-4a0f-9090-be357b65fdbf
1653592752243	Marionette	INFO	Listening on port 51974
Read port: 51974
1653592752287	RemoteAgent	WARN	TLS certificate errors will be ignored for this session
console.error: Region.jsm: "Error fetching region" (new TypeError("NetworkError when attempting to fetch resource.", ""))
console.error: Region.jsm: "Failed to fetch region" (new Error("NO_RESULT", "resource://gre/modules/Region.jsm", 419))
1653592753201	Marionette	WARN	TimedPromise timed out after 500 ms: stacktrace:
TimedPromise/<@chrome://remote/content/marionette/sync.js:235:19
TimedPromise@chrome://remote/content/marionette/sync.js:220:10
interaction.flushEventLoop@chrome://remote/content/marionette/interaction.js:431:10
webdriverClickElement@chrome://remote/content/marionette/interaction.js:179:31
1653592753963	Marionette	WARN	TimedPromise timed out after 500 ms: stacktrace:
TimedPromise/<@chrome://remote/content/marionette/sync.js:235:19
TimedPromise@chrome://remote/content/marionette/sync.js:220:10
interaction.flushEventLoop@chrome://remote/content/marionette/interaction.js:431:10
webdriverClickElement@chrome://remote/content/marionette/interaction.js:179:31
JavaScript error: resource://gre/modules/XULStore.jsm, line 66: Error: Can't find profile directory.
JavaScript error: resource://gre/modules/XULStore.jsm, line 66: Error: Can't find profile directory.
1653592758276	Marionette	WARN	TimedPromise timed out after 500 ms: stacktrace:
TimedPromise/<@chrome://remote/content/marionette/sync.js:235:19
TimedPromise@chrome://remote/content/marionette/sync.js:220:10
interaction.flushEventLoop@chrome://remote/content/marionette/interaction.js:431:10
webdriverClickElement@chrome://remote/content/marionette/interaction.js:179:31
JavaScript error: http://localhost:3001/static/js/2.e3685013.chunk.js, line 2: Error: Network Error
1653592759368	Marionette	WARN	TimedPromise timed out after 500 ms: stacktrace:
TimedPromise/<@chrome://remote/content/marionette/sync.js:235:19
TimedPromise@chrome://remote/content/marionette/sync.js:220:10
interaction.flushEventLoop@chrome://remote/content/marionette/interaction.js:431:10
webdriverClickElement@chrome://remote/content/marionette/interaction.js:179:31
1653592760605	Marionette	INFO	Stopped listening on port 51974

###!!! [Parent][PGPUParent] Error: RunMessage(msgname=PGPU::Msg_ShutdownVR) Channel closing: too late to send/recv, messages will be lost

1653592796970	geckodriver	INFO	Listening on 127.0.0.1:52026
1653592798998	mozrunner::runner	INFO	Running command: "C:\\Program Files\\Mozilla Firefox\\firefox.exe" "--marionette" "--remote-debugging-port" "52027" "--remote-allow-hosts" "localhost" "-no-remote" "-profile" "C:\\Users\\Alex\\AppData\\Local\\Temp\\rust_mozprofile5ORyEM"
1653592799346	Marionette	INFO	Marionette enabled
console.warn: SearchSettings: "get: No settings file exists, new profile?" (new NotFoundError("Could not open the file at C:\\Users\\Alex\\AppData\\Local\\Temp\\rust_mozprofile5ORyEM\\search.json.mozlz4", (void 0)))
DevTools listening on ws://localhost:52027/devtools/browser/446ef54e-4eb7-4ba5-8622-f5462e45875b
1653592801021	Marionette	INFO	Listening on port 52050
Read port: 52050
1653592801096	RemoteAgent	WARN	TLS certificate errors will be ignored for this session
console.error: Region.jsm: "Error fetching region" (new TypeError("NetworkError when attempting to fetch resource.", ""))
console.error: Region.jsm: "Failed to fetch region" (new Error("NO_RESULT", "resource://gre/modules/Region.jsm", 419))
1653592802021	Marionette	WARN	TimedPromise timed out after 500 ms: stacktrace:
TimedPromise/<@chrome://remote/content/marionette/sync.js:235:19
TimedPromise@chrome://remote/content/marionette/sync.js:220:10
interaction.flushEventLoop@chrome://remote/content/marionette/interaction.js:431:10
webdriverClickElement@chrome://remote/content/marionette/interaction.js:179:31
JavaScript error: resource://gre/modules/XULStore.jsm, line 66: Error: Can't find profile directory.
JavaScript error: resource://gre/modules/XULStore.jsm, line 66: Error: Can't find profile directory.
JavaScript error: http://localhost:3001/static/js/2.e3685013.chunk.js, line 2: Error: Network Error
1653592808812	Marionette	INFO	Stopped listening on port 52050
1653593211117	geckodriver	INFO	Listening on 127.0.0.1:52260
1653593213167	mozrunner::runner	INFO	Running command: "C:\\Program Files\\Mozilla Firefox\\firefox.exe" "--marionette" "--remote-debugging-port" "52261" "--remote-allow-hosts" "localhost" "-no-remote" "-profile" "C:\\Users\\Alex\\AppData\\Local\\Temp\\rust_mozprofileZmKzI6"
1653593213583	Marionette	INFO	Marionette enabled
console.warn: SearchSettings: "get: No settings file exists, new profile?" (new NotFoundError("Could not open the file at C:\\Users\\Alex\\AppData\\Local\\Temp\\rust_mozprofileZmKzI6\\search.json.mozlz4", (void 0)))
DevTools listening on ws://localhost:52261/devtools/browser/456dea00-b2a3-41b3-b07a-dc2bf8b34c14
1653593215316	Marionette	INFO	Listening on port 52288
Read port: 52288
1653593215452	RemoteAgent	WARN	TLS certificate errors will be ignored for this session
console.error: Region.jsm: "Error fetching region" (new TypeError("NetworkError when attempting to fetch resource.", ""))
console.error: Region.jsm: "Failed to fetch region" (new Error("NO_RESULT", "resource://gre/modules/Region.jsm", 419))
1653593216261	Marionette	WARN	TimedPromise timed out after 500 ms: stacktrace:
TimedPromise/<@chrome://remote/content/marionette/sync.js:235:19
TimedPromise@chrome://remote/content/marionette/sync.js:220:10
interaction.flushEventLoop@chrome://remote/content/marionette/interaction.js:431:10
webdriverClickElement@chrome://remote/content/marionette/interaction.js:179:31
1653593221428	Marionette	WARN	TimedPromise timed out after 500 ms: stacktrace:
TimedPromise/<@chrome://remote/content/marionette/sync.js:235:19
TimedPromise@chrome://remote/content/marionette/sync.js:220:10
interaction.flushEventLoop@chrome://remote/content/marionette/interaction.js:431:10
webdriverClickElement@chrome://remote/content/marionette/interaction.js:179:31
JavaScript error: resource://gre/modules/XULStore.jsm, line 66: Error: Can't find profile directory.
JavaScript error: resource://gre/modules/XULStore.jsm, line 66: Error: Can't find profile directory.
JavaScript error: http://localhost:3001/static/js/2.e3685013.chunk.js, line 2: Error: Network Error
1653593222707	Marionette	WARN	TimedPromise timed out after 500 ms: stacktrace:
TimedPromise/<@chrome://remote/content/marionette/sync.js:235:19
TimedPromise@chrome://remote/content/marionette/sync.js:220:10
interaction.flushEventLoop@chrome://remote/content/marionette/interaction.js:431:10
webdriverClickElement@chrome://remote/content/marionette/interaction.js:179:31
1653593227933	Marionette	INFO	Stopped listening on port 52288

###!!! [Parent][PGPUParent] Error: RunMessage(msgname=PGPU::Msg_ShutdownVR) Channel closing: too late to send/recv, messages will be lost

1653593397362	geckodriver	INFO	Listening on 127.0.0.1:52394
1653593399383	mozrunner::runner	INFO	Running command: "C:\\Program Files\\Mozilla Firefox\\firefox.exe" "--marionette" "--remote-debugging-port" "52395" "--remote-allow-hosts" "localhost" "-no-remote" "-profile" "C:\\Users\\Alex\\AppData\\Local\\Temp\\rust_mozprofileuw0FCi"
1653593399746	Marionette	INFO	Marionette enabled
console.warn: SearchSettings: "get: No settings file exists, new profile?" (new NotFoundError("Could not open the file at C:\\Users\\Alex\\AppData\\Local\\Temp\\rust_mozprofileuw0FCi\\search.json.mozlz4", (void 0)))
DevTools listening on ws://localhost:52395/devtools/browser/fd60a2bb-31da-47b4-b760-17b6a47212ce
1653593401454	Marionette	INFO	Listening on port 52416
Read port: 52416
1653593401497	RemoteAgent	WARN	TLS certificate errors will be ignored for this session
console.error: Region.jsm: "Error fetching region" (new TypeError("NetworkError when attempting to fetch resource.", ""))
console.error: Region.jsm: "Failed to fetch region" (new Error("NO_RESULT", "resource://gre/modules/Region.jsm", 419))
JavaScript error: resource://gre/modules/XULStore.jsm, line 66: Error: Can't find profile directory.
JavaScript error: resource://gre/modules/XULStore.jsm, line 66: Error: Can't find profile directory.
JavaScript error: http://localhost:3001/static/js/2.e3685013.chunk.js, line 2: Error: Network Error
1653593411936	Marionette	INFO	Stopped listening on port 52416

###!!! [Parent][PGPUParent] Error: RunMessage(msgname=PGPU::Msg_ShutdownVR) Channel closing: too late to send/recv, messages will be lost

1653593523797	geckodriver	INFO	Listening on 127.0.0.1:52561
1653593525823	mozrunner::runner	INFO	Running command: "C:\\Program Files\\Mozilla Firefox\\firefox.exe" "--marionette" "--remote-debugging-port" "52562" "--remote-allow-hosts" "localhost" "-no-remote" "-profile" "C:\\Users\\Alex\\AppData\\Local\\Temp\\rust_mozprofile3P40p1"
1653593526161	Marionette	INFO	Marionette enabled
console.warn: SearchSettings: "get: No settings file exists, new profile?" (new NotFoundError("Could not open the file at C:\\Users\\Alex\\AppData\\Local\\Temp\\rust_mozprofile3P40p1\\search.json.mozlz4", (void 0)))
DevTools listening on ws://localhost:52562/devtools/browser/e975d399-3f7d-4fd0-8362-e454b1520b66
1653593527785	Marionette	INFO	Listening on port 52583
Read port: 52583
1653593527847	RemoteAgent	WARN	TLS certificate errors will be ignored for this session
console.error: Region.jsm: "Error fetching region" (new TypeError("NetworkError when attempting to fetch resource.", ""))
console.error: Region.jsm: "Failed to fetch region" (new Error("NO_RESULT", "resource://gre/modules/Region.jsm", 419))
JavaScript error: resource://gre/modules/XULStore.jsm, line 66: Error: Can't find profile directory.
JavaScript error: resource://gre/modules/XULStore.jsm, line 66: Error: Can't find profile directory.
JavaScript error: http://localhost:3001/static/js/2.e3685013.chunk.js, line 2: Error: Network Error
1653593535249	Marionette	INFO	Stopped listening on port 52583

###!!! [Parent][PGPUParent] Error: RunMessage(msgname=PGPU::Msg_ShutdownVR) Channel closing: too late to send/recv, messages will be lost

1653594660872	geckodriver	INFO	Listening on 127.0.0.1:52952
1653594662893	mozrunner::runner	INFO	Running command: "C:\\Program Files\\Mozilla Firefox\\firefox.exe" "--marionette" "--remote-debugging-port" "52953" "--remote-allow-hosts" "localhost" "-no-remote" "-profile" "C:\\Users\\Alex\\AppData\\Local\\Temp\\rust_mozprofiledrn1Is"
1653594663253	Marionette	INFO	Marionette enabled
console.warn: SearchSettings: "get: No settings file exists, new profile?" (new NotFoundError("Could not open the file at C:\\Users\\Alex\\AppData\\Local\\Temp\\rust_mozprofiledrn1Is\\search.json.mozlz4", (void 0)))
DevTools listening on ws://localhost:52953/devtools/browser/fd874390-622f-4cf5-afac-eeee12b4a6ef
1653594664914	Marionette	INFO	Listening on port 52975
Read port: 52975
1653594665002	RemoteAgent	WARN	TLS certificate errors will be ignored for this session
console.error: Region.jsm: "Error fetching region" (new TypeError("NetworkError when attempting to fetch resource.", ""))
console.error: Region.jsm: "Failed to fetch region" (new Error("NO_RESULT", "resource://gre/modules/Region.jsm", 419))
JavaScript error: resource://gre/modules/XULStore.jsm, line 66: Error: Can't find profile directory.
JavaScript error: resource://gre/modules/XULStore.jsm, line 66: Error: Can't find profile directory.
1653594672476	Marionette	INFO	Stopped listening on port 52975

###!!! [Parent][PGPUParent] Error: RunMessage(msgname=PGPU::Msg_ShutdownVR) Channel closing: too late to send/recv, messages will be lost

1653594685244	geckodriver	INFO	Listening on 127.0.0.1:53027
1653594687296	mozrunner::runner	INFO	Running command: "C:\\Program Files\\Mozilla Firefox\\firefox.exe" "--marionette" "--remote-debugging-port" "53028" "--remote-allow-hosts" "localhost" "-no-remote" "-profile" "C:\\Users\\Alex\\AppData\\Local\\Temp\\rust_mozprofileNwZIaq"
1653594687647	Marionette	INFO	Marionette enabled
console.warn: SearchSettings: "get: No settings file exists, new profile?" (new NotFoundError("Could not open the file at C:\\Users\\Alex\\AppData\\Local\\Temp\\rust_mozprofileNwZIaq\\search.json.mozlz4", (void 0)))
DevTools listening on ws://localhost:53028/devtools/browser/3006e49c-54d4-4765-9acd-34e555f13cfc
1653594689381	Marionette	INFO	Listening on port 53049
Read port: 53049
1653594689503	RemoteAgent	WARN	TLS certificate errors will be ignored for this session
1653594690202	Marionette	WARN	TimedPromise timed out after 500 ms: stacktrace:
TimedPromise/<@chrome://remote/content/marionette/sync.js:235:19
TimedPromise@chrome://remote/content/marionette/sync.js:220:10
interaction.flushEventLoop@chrome://remote/content/marionette/interaction.js:431:10
webdriverClickElement@chrome://remote/content/marionette/interaction.js:179:31
console.error: Region.jsm: "Error fetching region" (new TypeError("NetworkError when attempting to fetch resource.", ""))
console.error: Region.jsm: "Failed to fetch region" (new Error("NO_RESULT", "resource://gre/modules/Region.jsm", 419))
1653594695351	Marionette	WARN	TimedPromise timed out after 500 ms: stacktrace:
TimedPromise/<@chrome://remote/content/marionette/sync.js:235:19
TimedPromise@chrome://remote/content/marionette/sync.js:220:10
interaction.flushEventLoop@chrome://remote/content/marionette/interaction.js:431:10
webdriverClickElement@chrome://remote/content/marionette/interaction.js:179:31
JavaScript error: resource://gre/modules/XULStore.jsm, line 66: Error: Can't find profile directory.
JavaScript error: resource://gre/modules/XULStore.jsm, line 66: Error: Can't find profile directory.
JavaScript error: http://localhost:3001/static/js/2.e3685013.chunk.js, line 2: Error: Network Error
1653594697610	Marionette	WARN	TimedPromise timed out after 500 ms: stacktrace:
TimedPromise/<@chrome://remote/content/marionette/sync.js:235:19
TimedPromise@chrome://remote/content/marionette/sync.js:220:10
interaction.flushEventLoop@chrome://remote/content/marionette/interaction.js:431:10
webdriverClickElement@chrome://remote/content/marionette/interaction.js:179:31
1653594698841	Marionette	INFO	Stopped listening on port 53049

###!!! [Parent][PGPUParent] Error: RunMessage(msgname=PGPU::Msg_ShutdownVR) Channel closing: too late to send/recv, messages will be lost

1653595034349	geckodriver	INFO	Listening on 127.0.0.1:49208
1653595036380	mozrunner::runner	INFO	Running command: "C:\\Program Files\\Mozilla Firefox\\firefox.exe" "--marionette" "--remote-debugging-port" "49209" "--remote-allow-hosts" "localhost" "-no-remote" "-profile" "C:\\Users\\Alex\\AppData\\Local\\Temp\\rust_mozprofile1ptcgW"
1653595036716	Marionette	INFO	Marionette enabled
console.warn: SearchSettings: "get: No settings file exists, new profile?" (new NotFoundError("Could not open the file at C:\\Users\\Alex\\AppData\\Local\\Temp\\rust_mozprofile1ptcgW\\search.json.mozlz4", (void 0)))
DevTools listening on ws://localhost:49209/devtools/browser/476cb132-0832-4b4f-a6e8-36363aec5435
1653595038266	Marionette	INFO	Listening on port 49234
Read port: 49234
1653595038370	RemoteAgent	WARN	TLS certificate errors will be ignored for this session
console.error: Region.jsm: "Error fetching region" (new TypeError("NetworkError when attempting to fetch resource.", ""))
console.error: Region.jsm: "Failed to fetch region" (new Error("NO_RESULT", "resource://gre/modules/Region.jsm", 419))
JavaScript error: resource://gre/modules/XULStore.jsm, line 66: Error: Can't find profile directory.
JavaScript error: resource://gre/modules/XULStore.jsm, line 66: Error: Can't find profile directory.
JavaScript error: http://localhost:3001/static/js/2.e3685013.chunk.js, line 2: Error: Network Error
1653595045578	Marionette	INFO	Stopped listening on port 49234

###!!! [Parent][PGPUParent] Error: RunMessage(msgname=PGPU::Msg_ShutdownVR) Channel closing: too late to send/recv, messages will be lost

1653595057133	geckodriver	INFO	Listening on 127.0.0.1:49278
1653595059155	mozrunner::runner	INFO	Running command: "C:\\Program Files\\Mozilla Firefox\\firefox.exe" "--marionette" "--remote-debugging-port" "49279" "--remote-allow-hosts" "localhost" "-no-remote" "-profile" "C:\\Users\\Alex\\AppData\\Local\\Temp\\rust_mozprofileCVkL3Z"
1653595059497	Marionette	INFO	Marionette enabled
console.warn: SearchSettings: "get: No settings file exists, new profile?" (new NotFoundError("Could not open the file at C:\\Users\\Alex\\AppData\\Local\\Temp\\rust_mozprofileCVkL3Z\\search.json.mozlz4", (void 0)))
DevTools listening on ws://localhost:49279/devtools/browser/7d2b046c-becd-44a7-a435-554815effe28
1653595061046	Marionette	INFO	Listening on port 49300
Read port: 49300
1653595061141	RemoteAgent	WARN	TLS certificate errors will be ignored for this session
console.error: Region.jsm: "Error fetching region" (new TypeError("NetworkError when attempting to fetch resource.", ""))
console.error: Region.jsm: "Failed to fetch region" (new Error("NO_RESULT", "resource://gre/modules/Region.jsm", 419))
JavaScript error: resource://gre/modules/XULStore.jsm, line 66: Error: Can't find profile directory.
JavaScript error: resource://gre/modules/XULStore.jsm, line 66: Error: Can't find profile directory.
JavaScript error: http://localhost:3001/static/js/2.e3685013.chunk.js, line 2: Error: Network Error
1653595068340	Marionette	INFO	Stopped listening on port 49300

###!!! [Parent][PGPUParent] Error: RunMessage(msgname=PGPU::Msg_ShutdownVR) Channel closing: too late to send/recv, messages will be lost

1653595233566	geckodriver	INFO	Listening on 127.0.0.1:49451
1653595235586	mozrunner::runner	INFO	Running command: "C:\\Program Files\\Mozilla Firefox\\firefox.exe" "--marionette" "--remote-debugging-port" "49452" "--remote-allow-hosts" "localhost" "-no-remote" "-profile" "C:\\Users\\Alex\\AppData\\Local\\Temp\\rust_mozprofilex1EjoS"
1653595235923	Marionette	INFO	Marionette enabled
console.warn: SearchSettings: "get: No settings file exists, new profile?" (new NotFoundError("Could not open the file at C:\\Users\\Alex\\AppData\\Local\\Temp\\rust_mozprofilex1EjoS\\search.json.mozlz4", (void 0)))
DevTools listening on ws://localhost:49452/devtools/browser/68652e01-a8ae-409a-91a5-dad42ca1cedc
1653595237526	Marionette	INFO	Listening on port 49473
Read port: 49473
1653595237578	RemoteAgent	WARN	TLS certificate errors will be ignored for this session
1653595238479	Marionette	WARN	TimedPromise timed out after 500 ms: stacktrace:
TimedPromise/<@chrome://remote/content/marionette/sync.js:235:19
TimedPromise@chrome://remote/content/marionette/sync.js:220:10
interaction.flushEventLoop@chrome://remote/content/marionette/interaction.js:431:10
webdriverClickElement@chrome://remote/content/marionette/interaction.js:179:31
console.error: Region.jsm: "Error fetching region" (new TypeError("NetworkError when attempting to fetch resource.", ""))
console.error: Region.jsm: "Failed to fetch region" (new Error("NO_RESULT", "resource://gre/modules/Region.jsm", 419))
JavaScript error: resource://gre/modules/XULStore.jsm, line 66: Error: Can't find profile directory.
JavaScript error: resource://gre/modules/XULStore.jsm, line 66: Error: Can't find profile directory.
1653595244643	Marionette	INFO	Stopped listening on port 49473

###!!! [Parent][PGPUParent] Error: RunMessage(msgname=PGPU::Msg_ShutdownVR) Channel closing: too late to send/recv, messages will be lost

1653595274652	geckodriver	INFO	Listening on 127.0.0.1:49514
1653595276683	mozrunner::runner	INFO	Running command: "C:\\Program Files\\Mozilla Firefox\\firefox.exe" "--marionette" "--remote-debugging-port" "49515" "--remote-allow-hosts" "localhost" "-no-remote" "-profile" "C:\\Users\\Alex\\AppData\\Local\\Temp\\rust_mozprofilejueX3t"
1653595277013	Marionette	INFO	Marionette enabled
console.warn: SearchSettings: "get: No settings file exists, new profile?" (new NotFoundError("Could not open the file at C:\\Users\\Alex\\AppData\\Local\\Temp\\rust_mozprofilejueX3t\\search.json.mozlz4", (void 0)))
DevTools listening on ws://localhost:49515/devtools/browser/c0494c3a-4f00-4954-9f59-11e43eaa3bfc
1653595278628	Marionette	INFO	Listening on port 49538
Read port: 49538
1653595278702	RemoteAgent	WARN	TLS certificate errors will be ignored for this session
console.error: Region.jsm: "Error fetching region" (new TypeError("NetworkError when attempting to fetch resource.", ""))
console.error: Region.jsm: "Failed to fetch region" (new Error("NO_RESULT", "resource://gre/modules/Region.jsm", 419))
JavaScript error: resource://gre/modules/XULStore.jsm, line 66: Error: Can't find profile directory.
JavaScript error: resource://gre/modules/XULStore.jsm, line 66: Error: Can't find profile directory.
1653595286139	Marionette	INFO	Stopped listening on port 49538

###!!! [Child][PContentChild] Error: RunMessage(msgname=PWebSocket::Msg___delete__) Channel closing: too late to send/recv, messages will be lost

1653595309532	geckodriver	INFO	Listening on 127.0.0.1:49594
1653595311560	mozrunner::runner	INFO	Running command: "C:\\Program Files\\Mozilla Firefox\\firefox.exe" "--marionette" "--remote-debugging-port" "49595" "--remote-allow-hosts" "localhost" "-no-remote" "-profile" "C:\\Users\\Alex\\AppData\\Local\\Temp\\rust_mozprofileO5hiXN"
1653595311886	Marionette	INFO	Marionette enabled
console.warn: SearchSettings: "get: No settings file exists, new profile?" (new NotFoundError("Could not open the file at C:\\Users\\Alex\\AppData\\Local\\Temp\\rust_mozprofileO5hiXN\\search.json.mozlz4", (void 0)))
DevTools listening on ws://localhost:49595/devtools/browser/9c01cbe7-f0dd-40c3-8978-7c1c11e41a73
1653595313417	Marionette	INFO	Listening on port 49615
Read port: 49615
1653595313443	RemoteAgent	WARN	TLS certificate errors will be ignored for this session
console.error: Region.jsm: "Error fetching region" (new TypeError("NetworkError when attempting to fetch resource.", ""))
console.error: Region.jsm: "Failed to fetch region" (new Error("NO_RESULT", "resource://gre/modules/Region.jsm", 419))
JavaScript error: resource://gre/modules/XULStore.jsm, line 66: Error: Can't find profile directory.
JavaScript error: resource://gre/modules/XULStore.jsm, line 66: Error: Can't find profile directory.
1653595320838	Marionette	INFO	Stopped listening on port 49615

###!!! [Parent][PGPUParent] Error: RunMessage(msgname=PGPU::Msg_ShutdownVR) Channel closing: too late to send/recv, messages will be lost

1653595741376	geckodriver	INFO	Listening on 127.0.0.1:49784
1653595743401	mozrunner::runner	INFO	Running command: "C:\\Program Files\\Mozilla Firefox\\firefox.exe" "--marionette" "--remote-debugging-port" "49785" "--remote-allow-hosts" "localhost" "-no-remote" "-profile" "C:\\Users\\Alex\\AppData\\Local\\Temp\\rust_mozprofilenRcMC7"
1653595743755	Marionette	INFO	Marionette enabled
console.warn: SearchSettings: "get: No settings file exists, new profile?" (new NotFoundError("Could not open the file at C:\\Users\\Alex\\AppData\\Local\\Temp\\rust_mozprofilenRcMC7\\search.json.mozlz4", (void 0)))
DevTools listening on ws://localhost:49785/devtools/browser/6cacbffa-5cdc-4612-b68a-6cd74ad2fcc5
1653595745393	Marionette	INFO	Listening on port 49811
Read port: 49811
1653595745519	RemoteAgent	WARN	TLS certificate errors will be ignored for this session
1653595746220	Marionette	WARN	TimedPromise timed out after 500 ms: stacktrace:
TimedPromise/<@chrome://remote/content/marionette/sync.js:235:19
TimedPromise@chrome://remote/content/marionette/sync.js:220:10
interaction.flushEventLoop@chrome://remote/content/marionette/interaction.js:431:10
webdriverClickElement@chrome://remote/content/marionette/interaction.js:179:31
console.error: Region.jsm: "Error fetching region" (new TypeError("NetworkError when attempting to fetch resource.", ""))
console.error: Region.jsm: "Failed to fetch region" (new Error("NO_RESULT", "resource://gre/modules/Region.jsm", 419))
1653595751451	Marionette	WARN	TimedPromise timed out after 500 ms: stacktrace:
TimedPromise/<@chrome://remote/content/marionette/sync.js:235:19
TimedPromise@chrome://remote/content/marionette/sync.js:220:10
interaction.flushEventLoop@chrome://remote/content/marionette/interaction.js:431:10
webdriverClickElement@chrome://remote/content/marionette/interaction.js:179:31
JavaScript error: resource://gre/modules/XULStore.jsm, line 66: Error: Can't find profile directory.
JavaScript error: resource://gre/modules/XULStore.jsm, line 66: Error: Can't find profile directory.
1653595753739	Marionette	WARN	TimedPromise timed out after 500 ms: stacktrace:
TimedPromise/<@chrome://remote/content/marionette/sync.js:235:19
TimedPromise@chrome://remote/content/marionette/sync.js:220:10
interaction.flushEventLoop@chrome://remote/content/marionette/interaction.js:431:10
webdriverClickElement@chrome://remote/content/marionette/interaction.js:179:31
1653595754972	Marionette	INFO	Stopped listening on port 49811
1653595818266	geckodriver	INFO	Listening on 127.0.0.1:49892
1653595820298	mozrunner::runner	INFO	Running command: "C:\\Program Files\\Mozilla Firefox\\firefox.exe" "--marionette" "--remote-debugging-port" "49893" "--remote-allow-hosts" "localhost" "-no-remote" "-profile" "C:\\Users\\Alex\\AppData\\Local\\Temp\\rust_mozprofileHai2LT"
1653595820635	Marionette	INFO	Marionette enabled
console.warn: SearchSettings: "get: No settings file exists, new profile?" (new NotFoundError("Could not open the file at C:\\Users\\Alex\\AppData\\Local\\Temp\\rust_mozprofileHai2LT\\search.json.mozlz4", (void 0)))
DevTools listening on ws://localhost:49893/devtools/browser/555d0659-eeac-4f1c-bb7f-05f3c2698537
1653595822383	Marionette	INFO	Listening on port 49920
Read port: 49920
1653595822514	RemoteAgent	WARN	TLS certificate errors will be ignored for this session
console.error: Region.jsm: "Error fetching region" (new TypeError("NetworkError when attempting to fetch resource.", ""))
console.error: Region.jsm: "Failed to fetch region" (new Error("NO_RESULT", "resource://gre/modules/Region.jsm", 419))
JavaScript error: resource://gre/modules/XULStore.jsm, line 66: Error: Can't find profile directory.
JavaScript error: resource://gre/modules/XULStore.jsm, line 66: Error: Can't find profile directory.
JavaScript error: http://localhost:3001/static/js/2.e3685013.chunk.js, line 2: Error: Network Error
1653595829274	Marionette	INFO	Stopped listening on port 49920

###!!! [Parent][PGPUParent] Error: RunMessage(msgname=PGPU::Msg_ShutdownVR) Channel closing: too late to send/recv, messages will be lost

1653595848937	geckodriver	INFO	Listening on 127.0.0.1:49968
1653595850959	mozrunner::runner	INFO	Running command: "C:\\Program Files\\Mozilla Firefox\\firefox.exe" "--marionette" "--remote-debugging-port" "49969" "--remote-allow-hosts" "localhost" "-no-remote" "-profile" "C:\\Users\\Alex\\AppData\\Local\\Temp\\rust_mozprofileHBOGIR"
1653595851286	Marionette	INFO	Marionette enabled
console.warn: SearchSettings: "get: No settings file exists, new profile?" (new NotFoundError("Could not open the file at C:\\Users\\Alex\\AppData\\Local\\Temp\\rust_mozprofileHBOGIR\\search.json.mozlz4", (void 0)))
DevTools listening on ws://localhost:49969/devtools/browser/a3a6f03a-f930-4635-9d68-5818fd55454f
1653595852846	Marionette	INFO	Listening on port 49991
Read port: 49991
1653595852943	RemoteAgent	WARN	TLS certificate errors will be ignored for this session
console.error: Region.jsm: "Error fetching region" (new TypeError("NetworkError when attempting to fetch resource.", ""))
console.error: Region.jsm: "Failed to fetch region" (new Error("NO_RESULT", "resource://gre/modules/Region.jsm", 419))
JavaScript error: resource://gre/modules/XULStore.jsm, line 66: Error: Can't find profile directory.
JavaScript error: resource://gre/modules/XULStore.jsm, line 66: Error: Can't find profile directory.
JavaScript error: http://localhost:3001/static/js/2.e3685013.chunk.js, line 2: Error: Network Error
1653595860350	Marionette	INFO	Stopped listening on port 49991

###!!! [Parent][PGPUParent] Error: RunMessage(msgname=PGPU::Msg_ShutdownVR) Channel closing: too late to send/recv, messages will be lost

1653595881310	geckodriver	INFO	Listening on 127.0.0.1:50092
1653595883351	mozrunner::runner	INFO	Running command: "C:\\Program Files\\Mozilla Firefox\\firefox.exe" "--marionette" "--remote-debugging-port" "50093" "--remote-allow-hosts" "localhost" "-no-remote" "-profile" "C:\\Users\\Alex\\AppData\\Local\\Temp\\rust_mozprofileOculh2"
1653595883692	Marionette	INFO	Marionette enabled
console.warn: SearchSettings: "get: No settings file exists, new profile?" (new NotFoundError("Could not open the file at C:\\Users\\Alex\\AppData\\Local\\Temp\\rust_mozprofileOculh2\\search.json.mozlz4", (void 0)))
DevTools listening on ws://localhost:50093/devtools/browser/d0086e7e-d4ab-4ef4-a489-2d5c330ed025
1653595885299	Marionette	INFO	Listening on port 50115
Read port: 50115
1653595885343	RemoteAgent	WARN	TLS certificate errors will be ignored for this session
console.error: Region.jsm: "Error fetching region" (new TypeError("NetworkError when attempting to fetch resource.", ""))
console.error: Region.jsm: "Failed to fetch region" (new Error("NO_RESULT", "resource://gre/modules/Region.jsm", 419))
JavaScript error: resource://gre/modules/XULStore.jsm, line 66: Error: Can't find profile directory.
JavaScript error: resource://gre/modules/XULStore.jsm, line 66: Error: Can't find profile directory.
JavaScript error: http://localhost:3001/static/js/2.e3685013.chunk.js, line 2: Error: Network Error
JavaScript error: http://localhost:3001/static/js/2.e3685013.chunk.js, line 2: Error: Network Error
1653595897755	Marionette	INFO	Stopped listening on port 50115

###!!! [Parent][PGPUParent] Error: RunMessage(msgname=PGPU::Msg_ShutdownVR) Channel closing: too late to send/recv, messages will be lost

1653595929522	geckodriver	INFO	Listening on 127.0.0.1:50197
1653595931545	mozrunner::runner	INFO	Running command: "C:\\Program Files\\Mozilla Firefox\\firefox.exe" "--marionette" "--remote-debugging-port" "50198" "--remote-allow-hosts" "localhost" "-no-remote" "-profile" "C:\\Users\\Alex\\AppData\\Local\\Temp\\rust_mozprofilevISSek"
1653595931874	Marionette	INFO	Marionette enabled
console.warn: SearchSettings: "get: No settings file exists, new profile?" (new NotFoundError("Could not open the file at C:\\Users\\Alex\\AppData\\Local\\Temp\\rust_mozprofilevISSek\\search.json.mozlz4", (void 0)))
DevTools listening on ws://localhost:50198/devtools/browser/4560bafc-df70-432c-82f3-ab5acb1cb250
1653595933373	Marionette	INFO	Listening on port 50218
Read port: 50218
1653595933498	RemoteAgent	WARN	TLS certificate errors will be ignored for this session
console.error: Region.jsm: "Error fetching region" (new TypeError("NetworkError when attempting to fetch resource.", ""))
console.error: Region.jsm: "Failed to fetch region" (new Error("NO_RESULT", "resource://gre/modules/Region.jsm", 419))
JavaScript error: resource://gre/modules/XULStore.jsm, line 66: Error: Can't find profile directory.
JavaScript error: resource://gre/modules/XULStore.jsm, line 66: Error: Can't find profile directory.
1653595939726	Marionette	INFO	Stopped listening on port 50218

###!!! [Parent][PGPUParent] Error: RunMessage(msgname=PGPU::Msg_ShutdownVR) Channel closing: too late to send/recv, messages will be lost

1653596368199	geckodriver	INFO	Listening on 127.0.0.1:50541
1653596370248	mozrunner::runner	INFO	Running command: "C:\\Program Files\\Mozilla Firefox\\firefox.exe" "--marionette" "--remote-debugging-port" "50542" "--remote-allow-hosts" "localhost" "-no-remote" "-profile" "C:\\Users\\Alex\\AppData\\Local\\Temp\\rust_mozprofilevWAMkm"
1653596370687	Marionette	INFO	Marionette enabled
console.warn: SearchSettings: "get: No settings file exists, new profile?" (new NotFoundError("Could not open the file at C:\\Users\\Alex\\AppData\\Local\\Temp\\rust_mozprofilevWAMkm\\search.json.mozlz4", (void 0)))
DevTools listening on ws://localhost:50542/devtools/browser/b204fef2-adb1-4d1b-82c5-f785b525edfe
1653596372684	Marionette	INFO	Listening on port 50565
Read port: 50565
1653596372827	RemoteAgent	WARN	TLS certificate errors will be ignored for this session
console.error: Region.jsm: "Error fetching region" (new TypeError("NetworkError when attempting to fetch resource.", ""))
console.error: Region.jsm: "Failed to fetch region" (new Error("NO_RESULT", "resource://gre/modules/Region.jsm", 419))
1653596373792	Marionette	WARN	TimedPromise timed out after 500 ms: stacktrace:
TimedPromise/<@chrome://remote/content/marionette/sync.js:235:19
TimedPromise@chrome://remote/content/marionette/sync.js:220:10
interaction.flushEventLoop@chrome://remote/content/marionette/interaction.js:431:10
webdriverClickElement@chrome://remote/content/marionette/interaction.js:179:31
1653596378938	Marionette	WARN	TimedPromise timed out after 500 ms: stacktrace:
TimedPromise/<@chrome://remote/content/marionette/sync.js:235:19
TimedPromise@chrome://remote/content/marionette/sync.js:220:10
interaction.flushEventLoop@chrome://remote/content/marionette/interaction.js:431:10
webdriverClickElement@chrome://remote/content/marionette/interaction.js:179:31
JavaScript error: resource://gre/modules/XULStore.jsm, line 66: Error: Can't find profile directory.
JavaScript error: resource://gre/modules/XULStore.jsm, line 66: Error: Can't find profile directory.
JavaScript error: http://localhost:3001/static/js/2.e3685013.chunk.js, line 2: Error: Network Error
JavaScript error: http://localhost:3001/static/js/2.e3685013.chunk.js, line 2: Error: Network Error
1653596387180	Marionette	INFO	Stopped listening on port 50565
1653601400172	geckodriver	INFO	Listening on 127.0.0.1:52312
1653601402206	mozrunner::runner	INFO	Running command: "C:\\Program Files\\Mozilla Firefox\\firefox.exe" "--marionette" "--remote-debugging-port" "52313" "--remote-allow-hosts" "localhost" "-no-remote" "-profile" "C:\\Users\\Alex\\AppData\\Local\\Temp\\rust_mozprofilecTptwi"
1653601402549	Marionette	INFO	Marionette enabled
console.warn: SearchSettings: "get: No settings file exists, new profile?" (new NotFoundError("Could not open the file at C:\\Users\\Alex\\AppData\\Local\\Temp\\rust_mozprofilecTptwi\\search.json.mozlz4", (void 0)))
DevTools listening on ws://localhost:52313/devtools/browser/286eff6a-58e0-46f2-a022-43c3c263f922
1653601404231	Marionette	INFO	Listening on port 52333
Read port: 52333
1653601404314	RemoteAgent	WARN	TLS certificate errors will be ignored for this session
console.error: Region.jsm: "Error fetching region" (new TypeError("NetworkError when attempting to fetch resource.", ""))
console.error: Region.jsm: "Failed to fetch region" (new Error("NO_RESULT", "resource://gre/modules/Region.jsm", 419))
1653601406088	Marionette	INFO	Stopped listening on port 52333

###!!! [Parent][PGPUParent] Error: RunMessage(msgname=PGPU::Msg_ShutdownVR) Channel closing: too late to send/recv, messages will be lost

1653601429048	geckodriver	INFO	Listening on 127.0.0.1:52370
1653601431079	mozrunner::runner	INFO	Running command: "C:\\Program Files\\Mozilla Firefox\\firefox.exe" "--marionette" "--remote-debugging-port" "52371" "--remote-allow-hosts" "localhost" "-no-remote" "-profile" "C:\\Users\\Alex\\AppData\\Local\\Temp\\rust_mozprofilem9zVMW"
1653601431424	Marionette	INFO	Marionette enabled
console.warn: SearchSettings: "get: No settings file exists, new profile?" (new NotFoundError("Could not open the file at C:\\Users\\Alex\\AppData\\Local\\Temp\\rust_mozprofilem9zVMW\\search.json.mozlz4", (void 0)))
DevTools listening on ws://localhost:52371/devtools/browser/84301c78-272a-4ee6-b311-2eb0cab110d8
1653601432967	Marionette	INFO	Listening on port 52395
Read port: 52395
1653601433061	RemoteAgent	WARN	TLS certificate errors will be ignored for this session
console.error: Region.jsm: "Error fetching region" (new TypeError("NetworkError when attempting to fetch resource.", ""))
console.error: Region.jsm: "Failed to fetch region" (new Error("NO_RESULT", "resource://gre/modules/Region.jsm", 419))
JavaScript error: resource://gre/modules/XULStore.jsm, line 66: Error: Can't find profile directory.
JavaScript error: resource://gre/modules/XULStore.jsm, line 66: Error: Can't find profile directory.
JavaScript error: http://localhost:3001/static/js/2.e3685013.chunk.js, line 2: Error: Network Error
JavaScript error: http://localhost:3001/static/js/2.e3685013.chunk.js, line 2: Error: Network Error
1653601445783	Marionette	INFO	Stopped listening on port 52395
1653602133151	geckodriver	INFO	Listening on 127.0.0.1:52867
1653602135196	mozrunner::runner	INFO	Running command: "C:\\Program Files\\Mozilla Firefox\\firefox.exe" "--marionette" "--remote-debugging-port" "52868" "--remote-allow-hosts" "localhost" "-no-remote" "-profile" "C:\\Users\\Alex\\AppData\\Local\\Temp\\rust_mozprofilekcAYKf"
1653602135548	Marionette	INFO	Marionette enabled
console.warn: SearchSettings: "get: No settings file exists, new profile?" (new NotFoundError("Could not open the file at C:\\Users\\Alex\\AppData\\Local\\Temp\\rust_mozprofilekcAYKf\\search.json.mozlz4", (void 0)))
DevTools listening on ws://localhost:52868/devtools/browser/99863d31-3469-47ea-befd-7f452d5824f1
1653602137120	Marionette	INFO	Listening on port 52889
Read port: 52889
1653602137183	RemoteAgent	WARN	TLS certificate errors will be ignored for this session
console.error: Region.jsm: "Error fetching region" (new TypeError("NetworkError when attempting to fetch resource.", ""))
console.error: Region.jsm: "Failed to fetch region" (new Error("NO_RESULT", "resource://gre/modules/Region.jsm", 419))
JavaScript error: resource://gre/modules/XULStore.jsm, line 66: Error: Can't find profile directory.
JavaScript error: resource://gre/modules/XULStore.jsm, line 66: Error: Can't find profile directory.
JavaScript error: http://localhost:3001/static/js/2.e3685013.chunk.js, line 2: Error: Network Error
1653602149643	Marionette	INFO	Stopped listening on port 52889
1653602210435	geckodriver	INFO	Listening on 127.0.0.1:52953
1653602212469	mozrunner::runner	INFO	Running command: "C:\\Program Files\\Mozilla Firefox\\firefox.exe" "--marionette" "--remote-debugging-port" "52954" "--remote-allow-hosts" "localhost" "-no-remote" "-profile" "C:\\Users\\Alex\\AppData\\Local\\Temp\\rust_mozprofile9JT6Nr"
1653602212861	Marionette	INFO	Marionette enabled
console.warn: SearchSettings: "get: No settings file exists, new profile?" (new NotFoundError("Could not open the file at C:\\Users\\Alex\\AppData\\Local\\Temp\\rust_mozprofile9JT6Nr\\search.json.mozlz4", (void 0)))
DevTools listening on ws://localhost:52954/devtools/browser/0a516877-8b6c-4c1c-902b-e89ca5ff18fd
1653602214619	Marionette	INFO	Listening on port 52975
Read port: 52975
1653602214694	RemoteAgent	WARN	TLS certificate errors will be ignored for this session
console.error: Region.jsm: "Error fetching region" (new TypeError("NetworkError when attempting to fetch resource.", ""))
console.error: Region.jsm: "Failed to fetch region" (new Error("NO_RESULT", "resource://gre/modules/Region.jsm", 419))
JavaScript error: resource://gre/modules/XULStore.jsm, line 66: Error: Can't find profile directory.
JavaScript error: resource://gre/modules/XULStore.jsm, line 66: Error: Can't find profile directory.
JavaScript error: http://localhost:3001/static/js/2.e3685013.chunk.js, line 2: Error: Network Error
1653602229194	Marionette	INFO	Stopped listening on port 52975
1654633425134	geckodriver	INFO	Listening on 127.0.0.1:62419
1654633427158	mozrunner::runner	INFO	Running command: "C:\\Program Files\\Mozilla Firefox\\firefox.exe" "--marionette" "--remote-debugging-port" "62420" "--remote-allow-hosts" "localhost" "-no-remote" "-profile" "C:\\Users\\Alex\\AppData\\Local\\Temp\\rust_mozprofileA8BMaA"
1654633427820	Marionette	INFO	Marionette enabled
WebDriver BiDi listening on ws://localhost:62420
console.warn: SearchSettings: "get: No settings file exists, new profile?" (new NotFoundError("Could not open the file at C:\\Users\\Alex\\AppData\\Local\\Temp\\rust_mozprofileA8BMaA\\search.json.mozlz4", (void 0)))
1654633430334	Marionette	INFO	Listening on port 62446
Read port: 62446
1654633430408	RemoteAgent	WARN	TLS certificate errors will be ignored for this session
DevTools listening on ws://localhost:62420/devtools/browser/f7d626f7-cd2f-41bd-b2cf-1a4c6b03b086
console.error: Region.jsm: "Error fetching region" (new TypeError("NetworkError when attempting to fetch resource.", ""))
console.error: Region.jsm: "Failed to fetch region" (new Error("NO_RESULT", "resource://gre/modules/Region.jsm", 419))
1654633431306	Marionette	WARN	TimedPromise timed out after 500 ms: stacktrace:
TimedPromise/<@chrome://remote/content/marionette/sync.js:235:19
TimedPromise@chrome://remote/content/marionette/sync.js:220:10
interaction.flushEventLoop@chrome://remote/content/marionette/interaction.js:431:10
webdriverClickElement@chrome://remote/content/marionette/interaction.js:179:31
1654633432984	Marionette	INFO	Stopped listening on port 62446
!!! error running onStopped callback: TypeError: callback is not a function
JavaScript error: resource://gre/modules/UrlClassifierListManager.jsm, line 694: TypeError: this.tablesData[table] is undefined

###!!! [Parent][PGPUParent] Error: RunMessage(msgname=PGPU::Msg_ShutdownVR) Channel closing: too late to send/recv, messages will be lost

1654633469035	geckodriver	INFO	Listening on 127.0.0.1:62503
1654633471071	mozrunner::runner	INFO	Running command: "C:\\Program Files\\Mozilla Firefox\\firefox.exe" "--marionette" "--remote-debugging-port" "62504" "--remote-allow-hosts" "localhost" "-no-remote" "-profile" "C:\\Users\\Alex\\AppData\\Local\\Temp\\rust_mozprofileOZ2SZH"
1654633471415	Marionette	INFO	Marionette enabled
WebDriver BiDi listening on ws://localhost:62504
console.warn: SearchSettings: "get: No settings file exists, new profile?" (new NotFoundError("Could not open the file at C:\\Users\\Alex\\AppData\\Local\\Temp\\rust_mozprofileOZ2SZH\\search.json.mozlz4", (void 0)))
1654633473169	Marionette	INFO	Listening on port 62525
DevTools listening on ws://localhost:62504/devtools/browser/bf7d6286-c601-4cd5-bfec-2530885fcf38
Read port: 62525
1654633473255	RemoteAgent	WARN	TLS certificate errors will be ignored for this session
console.error: Region.jsm: "Error fetching region" (new TypeError("NetworkError when attempting to fetch resource.", ""))
console.error: Region.jsm: "Failed to fetch region" (new Error("NO_RESULT", "resource://gre/modules/Region.jsm", 419))
JavaScript error: resource://gre/modules/XULStore.jsm, line 66: Error: Can't find profile directory.
JavaScript error: resource://gre/modules/XULStore.jsm, line 66: Error: Can't find profile directory.
JavaScript error: http://localhost:3001/static/js/2.e3685013.chunk.js, line 2: Error: Network Error
1654633487723	Marionette	INFO	Stopped listening on port 62525
1654633706545	geckodriver	INFO	Listening on 127.0.0.1:62704
1654633708557	mozrunner::runner	INFO	Running command: "C:\\Program Files\\Mozilla Firefox\\firefox.exe" "--marionette" "--remote-debugging-port" "62705" "--remote-allow-hosts" "localhost" "-no-remote" "-profile" "C:\\Users\\Alex\\AppData\\Local\\Temp\\rust_mozprofileblYjmo"
1654633708903	Marionette	INFO	Marionette enabled
WebDriver BiDi listening on ws://localhost:62705
console.warn: SearchSettings: "get: No settings file exists, new profile?" (new NotFoundError("Could not open the file at C:\\Users\\Alex\\AppData\\Local\\Temp\\rust_mozprofileblYjmo\\search.json.mozlz4", (void 0)))
1654633710656	Marionette	INFO	Listening on port 62728
DevTools listening on ws://localhost:62705/devtools/browser/6237e6cf-bdd0-4af6-be88-f445c2191d8a
Read port: 62728
1654633710737	RemoteAgent	WARN	TLS certificate errors will be ignored for this session
console.error: Region.jsm: "Error fetching region" (new TypeError("NetworkError when attempting to fetch resource.", ""))
console.error: Region.jsm: "Failed to fetch region" (new Error("NO_RESULT", "resource://gre/modules/Region.jsm", 419))
1654633711640	Marionette	WARN	TimedPromise timed out after 500 ms: stacktrace:
TimedPromise/<@chrome://remote/content/marionette/sync.js:235:19
TimedPromise@chrome://remote/content/marionette/sync.js:220:10
interaction.flushEventLoop@chrome://remote/content/marionette/interaction.js:431:10
webdriverClickElement@chrome://remote/content/marionette/interaction.js:179:31
1654633716793	Marionette	WARN	TimedPromise timed out after 500 ms: stacktrace:
TimedPromise/<@chrome://remote/content/marionette/sync.js:235:19
TimedPromise@chrome://remote/content/marionette/sync.js:220:10
interaction.flushEventLoop@chrome://remote/content/marionette/interaction.js:431:10
webdriverClickElement@chrome://remote/content/marionette/interaction.js:179:31
JavaScript error: resource://gre/modules/XULStore.jsm, line 66: Error: Can't find profile directory.
JavaScript error: resource://gre/modules/XULStore.jsm, line 66: Error: Can't find profile directory.
JavaScript error: http://localhost:3001/static/js/2.e3685013.chunk.js, line 2: Error: Network Error
1654633721093	Marionette	WARN	TimedPromise timed out after 500 ms: stacktrace:
TimedPromise/<@chrome://remote/content/marionette/sync.js:235:19
TimedPromise@chrome://remote/content/marionette/sync.js:220:10
interaction.flushEventLoop@chrome://remote/content/marionette/interaction.js:431:10
webdriverClickElement@chrome://remote/content/marionette/interaction.js:179:31
1654633727338	Marionette	INFO	Stopped listening on port 62728

###!!! [Parent][PGPUParent] Error: RunMessage(msgname=PGPU::Msg_ShutdownVR) Channel closing: too late to send/recv, messages will be lost

1654633758675	geckodriver	INFO	Listening on 127.0.0.1:62775
1654633760705	mozrunner::runner	INFO	Running command: "C:\\Program Files\\Mozilla Firefox\\firefox.exe" "--marionette" "--remote-debugging-port" "62776" "--remote-allow-hosts" "localhost" "-no-remote" "-profile" "C:\\Users\\Alex\\AppData\\Local\\Temp\\rust_mozprofile9Tr7WZ"
1654633761053	Marionette	INFO	Marionette enabled
WebDriver BiDi listening on ws://localhost:62776
console.warn: SearchSettings: "get: No settings file exists, new profile?" (new NotFoundError("Could not open the file at C:\\Users\\Alex\\AppData\\Local\\Temp\\rust_mozprofile9Tr7WZ\\search.json.mozlz4", (void 0)))
1654633762713	Marionette	INFO	Listening on port 62799
DevTools listening on ws://localhost:62776/devtools/browser/89309d29-a38e-4095-8981-68f742236825
Read port: 62799
1654633762790	RemoteAgent	WARN	TLS certificate errors will be ignored for this session
1654633763690	Marionette	WARN	TimedPromise timed out after 500 ms: stacktrace:
TimedPromise/<@chrome://remote/content/marionette/sync.js:235:19
TimedPromise@chrome://remote/content/marionette/sync.js:220:10
interaction.flushEventLoop@chrome://remote/content/marionette/interaction.js:431:10
webdriverClickElement@chrome://remote/content/marionette/interaction.js:179:31
console.error: Region.jsm: "Error fetching region" (new TypeError("NetworkError when attempting to fetch resource.", ""))
console.error: Region.jsm: "Failed to fetch region" (new Error("NO_RESULT", "resource://gre/modules/Region.jsm", 419))
1654633768854	Marionette	WARN	TimedPromise timed out after 500 ms: stacktrace:
TimedPromise/<@chrome://remote/content/marionette/sync.js:235:19
TimedPromise@chrome://remote/content/marionette/sync.js:220:10
interaction.flushEventLoop@chrome://remote/content/marionette/interaction.js:431:10
webdriverClickElement@chrome://remote/content/marionette/interaction.js:179:31
JavaScript error: resource://gre/modules/XULStore.jsm, line 66: Error: Can't find profile directory.
JavaScript error: resource://gre/modules/XULStore.jsm, line 66: Error: Can't find profile directory.
JavaScript error: http://localhost:3001/static/js/2.e3685013.chunk.js, line 2: Error: Network Error
1654633773151	Marionette	WARN	TimedPromise timed out after 500 ms: stacktrace:
TimedPromise/<@chrome://remote/content/marionette/sync.js:235:19
TimedPromise@chrome://remote/content/marionette/sync.js:220:10
interaction.flushEventLoop@chrome://remote/content/marionette/interaction.js:431:10
webdriverClickElement@chrome://remote/content/marionette/interaction.js:179:31
1654633779402	Marionette	INFO	Stopped listening on port 62799

###!!! [Parent][PGPUParent] Error: RunMessage(msgname=PGPU::Msg_ShutdownVR) Channel closing: too late to send/recv, messages will be lost

1654634369366	geckodriver	INFO	Listening on 127.0.0.1:63060
1654634371378	mozrunner::runner	INFO	Running command: "C:\\Program Files\\Mozilla Firefox\\firefox.exe" "--marionette" "--remote-debugging-port" "63061" "--remote-allow-hosts" "localhost" "-no-remote" "-profile" "C:\\Users\\Alex\\AppData\\Local\\Temp\\rust_mozprofileIe6L6G"
1654634371818	Marionette	INFO	Marionette enabled
WebDriver BiDi listening on ws://localhost:63061
console.warn: SearchSettings: "get: No settings file exists, new profile?" (new NotFoundError("Could not open the file at C:\\Users\\Alex\\AppData\\Local\\Temp\\rust_mozprofileIe6L6G\\search.json.mozlz4", (void 0)))
1654634373538	Marionette	INFO	Listening on port 63086
Read port: 63086
1654634373569	RemoteAgent	WARN	TLS certificate errors will be ignored for this session
DevTools listening on ws://localhost:63061/devtools/browser/5222005a-e51d-4a42-8de3-a71b38907ba3
console.error: Region.jsm: "Error fetching region" (new TypeError("NetworkError when attempting to fetch resource.", ""))
console.error: Region.jsm: "Failed to fetch region" (new Error("NO_RESULT", "resource://gre/modules/Region.jsm", 419))
1654634374897	Marionette	WARN	TimedPromise timed out after 500 ms: stacktrace:
TimedPromise/<@chrome://remote/content/marionette/sync.js:235:19
TimedPromise@chrome://remote/content/marionette/sync.js:220:10
interaction.flushEventLoop@chrome://remote/content/marionette/interaction.js:431:10
webdriverClickElement@chrome://remote/content/marionette/interaction.js:179:31
1654634379299	Marionette	WARN	TimedPromise timed out after 500 ms: stacktrace:
TimedPromise/<@chrome://remote/content/marionette/sync.js:235:19
TimedPromise@chrome://remote/content/marionette/sync.js:220:10
interaction.flushEventLoop@chrome://remote/content/marionette/interaction.js:431:10
webdriverClickElement@chrome://remote/content/marionette/interaction.js:179:31
JavaScript error: resource://gre/modules/XULStore.jsm, line 66: Error: Can't find profile directory.
JavaScript error: resource://gre/modules/XULStore.jsm, line 66: Error: Can't find profile directory.
1654634389117	Marionette	INFO	Stopped listening on port 63086
1654634443263	geckodriver	INFO	Listening on 127.0.0.1:63142
1654634445282	mozrunner::runner	INFO	Running command: "C:\\Program Files\\Mozilla Firefox\\firefox.exe" "--marionette" "--remote-debugging-port" "63143" "--remote-allow-hosts" "localhost" "-no-remote" "-profile" "C:\\Users\\Alex\\AppData\\Local\\Temp\\rust_mozprofilekvPTk9"
1654634445629	Marionette	INFO	Marionette enabled
WebDriver BiDi listening on ws://localhost:63143
console.warn: SearchSettings: "get: No settings file exists, new profile?" (new NotFoundError("Could not open the file at C:\\Users\\Alex\\AppData\\Local\\Temp\\rust_mozprofilekvPTk9\\search.json.mozlz4", (void 0)))
1654634447188	Marionette	INFO	Listening on port 63164
Read port: 63164
1654634447267	RemoteAgent	WARN	TLS certificate errors will be ignored for this session
DevTools listening on ws://localhost:63143/devtools/browser/deb4edf9-9fe7-4ec5-a746-81d8a5af9fc4
1654634448192	Marionette	WARN	TimedPromise timed out after 500 ms: stacktrace:
TimedPromise/<@chrome://remote/content/marionette/sync.js:235:19
TimedPromise@chrome://remote/content/marionette/sync.js:220:10
interaction.flushEventLoop@chrome://remote/content/marionette/interaction.js:431:10
webdriverClickElement@chrome://remote/content/marionette/interaction.js:179:31
console.error: Region.jsm: "Error fetching region" (new TypeError("NetworkError when attempting to fetch resource.", ""))
console.error: Region.jsm: "Failed to fetch region" (new Error("NO_RESULT", "resource://gre/modules/Region.jsm", 419))
1654634453366	Marionette	WARN	TimedPromise timed out after 500 ms: stacktrace:
TimedPromise/<@chrome://remote/content/marionette/sync.js:235:19
TimedPromise@chrome://remote/content/marionette/sync.js:220:10
interaction.flushEventLoop@chrome://remote/content/marionette/interaction.js:431:10
webdriverClickElement@chrome://remote/content/marionette/interaction.js:179:31
JavaScript error: resource://gre/modules/XULStore.jsm, line 66: Error: Can't find profile directory.
JavaScript error: resource://gre/modules/XULStore.jsm, line 66: Error: Can't find profile directory.
1654634463191	Marionette	INFO	Stopped listening on port 63164

###!!! [Parent][PGPUParent] Error: RunMessage(msgname=PGPU::Msg_ShutdownVR) Channel closing: too late to send/recv, messages will be lost

1654634782400	geckodriver	INFO	Listening on 127.0.0.1:63365
1654634784420	mozrunner::runner	INFO	Running command: "C:\\Program Files\\Mozilla Firefox\\firefox.exe" "--marionette" "--remote-debugging-port" "63366" "--remote-allow-hosts" "localhost" "-no-remote" "-profile" "C:\\Users\\Alex\\AppData\\Local\\Temp\\rust_mozprofileo054PP"
1654634784750	Marionette	INFO	Marionette enabled
WebDriver BiDi listening on ws://localhost:63366
console.warn: SearchSettings: "get: No settings file exists, new profile?" (new NotFoundError("Could not open the file at C:\\Users\\Alex\\AppData\\Local\\Temp\\rust_mozprofileo054PP\\search.json.mozlz4", (void 0)))
1654634786478	Marionette	INFO	Listening on port 63387
DevTools listening on ws://localhost:63366/devtools/browser/18ce0334-dd81-4f67-99f3-c389b5561f6f
Read port: 63387
1654634786549	RemoteAgent	WARN	TLS certificate errors will be ignored for this session
console.error: Region.jsm: "Error fetching region" (new TypeError("NetworkError when attempting to fetch resource.", ""))
console.error: Region.jsm: "Failed to fetch region" (new Error("NO_RESULT", "resource://gre/modules/Region.jsm", 419))
1654634787466	Marionette	WARN	TimedPromise timed out after 500 ms: stacktrace:
TimedPromise/<@chrome://remote/content/marionette/sync.js:235:19
TimedPromise@chrome://remote/content/marionette/sync.js:220:10
interaction.flushEventLoop@chrome://remote/content/marionette/interaction.js:431:10
webdriverClickElement@chrome://remote/content/marionette/interaction.js:179:31
1654634792614	Marionette	WARN	TimedPromise timed out after 500 ms: stacktrace:
TimedPromise/<@chrome://remote/content/marionette/sync.js:235:19
TimedPromise@chrome://remote/content/marionette/sync.js:220:10
interaction.flushEventLoop@chrome://remote/content/marionette/interaction.js:431:10
webdriverClickElement@chrome://remote/content/marionette/interaction.js:179:31
JavaScript error: resource://gre/modules/XULStore.jsm, line 66: Error: Can't find profile directory.
JavaScript error: resource://gre/modules/XULStore.jsm, line 66: Error: Can't find profile directory.
JavaScript error: http://localhost:3001/static/js/2.e3685013.chunk.js, line 2: Error: Network Error
1654634802692	Marionette	INFO	Stopped listening on port 63387
[Parent 17156, IPC I/O Parent] WARNING: file /builds/worker/checkouts/gecko/ipc/chromium/src/base/process_util_win.cc:167
1654634936845	geckodriver	INFO	Listening on 127.0.0.1:63492
1654634938874	mozrunner::runner	INFO	Running command: "C:\\Program Files\\Mozilla Firefox\\firefox.exe" "--marionette" "--remote-debugging-port" "63493" "--remote-allow-hosts" "localhost" "-no-remote" "-profile" "C:\\Users\\Alex\\AppData\\Local\\Temp\\rust_mozprofileHFwzUb"
1654634939230	Marionette	INFO	Marionette enabled
WebDriver BiDi listening on ws://localhost:63493
console.warn: SearchSettings: "get: No settings file exists, new profile?" (new NotFoundError("Could not open the file at C:\\Users\\Alex\\AppData\\Local\\Temp\\rust_mozprofileHFwzUb\\search.json.mozlz4", (void 0)))
1654634940936	Marionette	INFO	Listening on port 63514
DevTools listening on ws://localhost:63493/devtools/browser/02e603f2-2b72-45c6-bb22-0a9489a057fd
Read port: 63514
1654634941079	RemoteAgent	WARN	TLS certificate errors will be ignored for this session
console.error: Region.jsm: "Error fetching region" (new TypeError("NetworkError when attempting to fetch resource.", ""))
console.error: Region.jsm: "Failed to fetch region" (new Error("NO_RESULT", "resource://gre/modules/Region.jsm", 419))
JavaScript error: resource://gre/modules/XULStore.jsm, line 66: Error: Can't find profile directory.
JavaScript error: resource://gre/modules/XULStore.jsm, line 66: Error: Can't find profile directory.
JavaScript error: http://localhost:3001/static/js/2.e3685013.chunk.js, line 2: Error: Network Error
1654634955588	Marionette	INFO	Stopped listening on port 63514

###!!! [Parent][PGPUParent] Error: RunMessage(msgname=PGPU::Msg_ShutdownVR) Channel closing: too late to send/recv, messages will be lost

1654635882464	geckodriver	INFO	Listening on 127.0.0.1:55027
1654635884508	mozrunner::runner	INFO	Running command: "C:\\Program Files\\Mozilla Firefox\\firefox.exe" "--marionette" "--remote-debugging-port" "55028" "--remote-allow-hosts" "localhost" "-no-remote" "-profile" "C:\\Users\\Alex\\AppData\\Local\\Temp\\rust_mozprofileCAjbZh"
1654635884926	Marionette	INFO	Marionette enabled
WebDriver BiDi listening on ws://localhost:55028
console.warn: SearchSettings: "get: No settings file exists, new profile?" (new NotFoundError("Could not open the file at C:\\Users\\Alex\\AppData\\Local\\Temp\\rust_mozprofileCAjbZh\\search.json.mozlz4", (void 0)))
1654635886703	Marionette	INFO	Listening on port 55055
DevTools listening on ws://localhost:55028/devtools/browser/7b359ad0-5ed6-444c-aa61-4cdf73c6e7a0
Read port: 55055
1654635886819	RemoteAgent	WARN	TLS certificate errors will be ignored for this session
console.error: Region.jsm: "Error fetching region" (new TypeError("NetworkError when attempting to fetch resource.", ""))
console.error: Region.jsm: "Failed to fetch region" (new Error("NO_RESULT", "resource://gre/modules/Region.jsm", 419))
JavaScript error: http://localhost:3001/static/js/2.e3685013.chunk.js, line 2: Error: Network Error
1654635891607	Marionette	INFO	Stopped listening on port 55055

###!!! [Parent][PGPUParent] Error: RunMessage(msgname=PGPU::Msg_ShutdownVR) Channel closing: too late to send/recv, messages will be lost

1654635909404	geckodriver	INFO	Listening on 127.0.0.1:55091
1654635911439	mozrunner::runner	INFO	Running command: "C:\\Program Files\\Mozilla Firefox\\firefox.exe" "--marionette" "--remote-debugging-port" "55092" "--remote-allow-hosts" "localhost" "-no-remote" "-profile" "C:\\Users\\Alex\\AppData\\Local\\Temp\\rust_mozprofileZgTZJV"
1654635911793	Marionette	INFO	Marionette enabled
WebDriver BiDi listening on ws://localhost:55092
console.warn: SearchSettings: "get: No settings file exists, new profile?" (new NotFoundError("Could not open the file at C:\\Users\\Alex\\AppData\\Local\\Temp\\rust_mozprofileZgTZJV\\search.json.mozlz4", (void 0)))
1654635913400	Marionette	INFO	Listening on port 55113
Read port: 55113
1654635913425	RemoteAgent	WARN	TLS certificate errors will be ignored for this session
DevTools listening on ws://localhost:55092/devtools/browser/6feab862-f4eb-4c01-8e13-0c88e63aeae5
console.error: Region.jsm: "Error fetching region" (new TypeError("NetworkError when attempting to fetch resource.", ""))
console.error: Region.jsm: "Failed to fetch region" (new Error("NO_RESULT", "resource://gre/modules/Region.jsm", 419))
JavaScript error: http://localhost:3001/static/js/2.e3685013.chunk.js, line 2: Error: Network Error
1654635918259	Marionette	INFO	Stopped listening on port 55113

###!!! [Parent][PGPUParent] Error: RunMessage(msgname=PGPU::Msg_ShutdownVR) Channel closing: too late to send/recv, messages will be lost

1654636004083	geckodriver	INFO	Listening on 127.0.0.1:55211
1654636006109	mozrunner::runner	INFO	Running command: "C:\\Program Files\\Mozilla Firefox\\firefox.exe" "--marionette" "--remote-debugging-port" "55212" "--remote-allow-hosts" "localhost" "-no-remote" "-profile" "C:\\Users\\Alex\\AppData\\Local\\Temp\\rust_mozprofile8b1ah6"
1654636006434	Marionette	INFO	Marionette enabled
WebDriver BiDi listening on ws://localhost:55212
console.warn: SearchSettings: "get: No settings file exists, new profile?" (new NotFoundError("Could not open the file at C:\\Users\\Alex\\AppData\\Local\\Temp\\rust_mozprofile8b1ah6\\search.json.mozlz4", (void 0)))
1654636008003	Marionette	INFO	Listening on port 55235
DevTools listening on ws://localhost:55212/devtools/browser/72f27f57-ab30-4ade-b7a6-3c0d83dc5587
Read port: 55235
1654636008163	RemoteAgent	WARN	TLS certificate errors will be ignored for this session
console.error: Region.jsm: "Error fetching region" (new TypeError("NetworkError when attempting to fetch resource.", ""))
console.error: Region.jsm: "Failed to fetch region" (new Error("NO_RESULT", "resource://gre/modules/Region.jsm", 419))
JavaScript error: http://localhost:3001/static/js/2.e3685013.chunk.js, line 2: Error: Network Error
1654636013167	Marionette	INFO	Stopped listening on port 55235
JavaScript error: http://localhost:3001/static/js/2.e3685013.chunk.js, line 2: Error: Network Error
1654637404490	geckodriver	INFO	Listening on 127.0.0.1:55847
1654637406517	mozrunner::runner	INFO	Running command: "C:\\Program Files\\Mozilla Firefox\\firefox.exe" "--marionette" "--remote-debugging-port" "55848" "--remote-allow-hosts" "localhost" "-no-remote" "-profile" "C:\\Users\\Alex\\AppData\\Local\\Temp\\rust_mozprofilelriThD"
1654637406886	Marionette	INFO	Marionette enabled
WebDriver BiDi listening on ws://localhost:55848
console.warn: SearchSettings: "get: No settings file exists, new profile?" (new NotFoundError("Could not open the file at C:\\Users\\Alex\\AppData\\Local\\Temp\\rust_mozprofilelriThD\\search.json.mozlz4", (void 0)))
1654637408852	Marionette	INFO	Listening on port 55876
DevTools listening on ws://localhost:55848/devtools/browser/619651c4-9a7e-4a9f-93c2-485e98b16dc7
Read port: 55876
1654637408923	RemoteAgent	WARN	TLS certificate errors will be ignored for this session
console.error: Region.jsm: "Error fetching region" (new TypeError("NetworkError when attempting to fetch resource.", ""))
console.error: Region.jsm: "Failed to fetch region" (new Error("NO_RESULT", "resource://gre/modules/Region.jsm", 419))
1654637409852	Marionette	WARN	TimedPromise timed out after 500 ms: stacktrace:
TimedPromise/<@chrome://remote/content/marionette/sync.js:235:19
TimedPromise@chrome://remote/content/marionette/sync.js:220:10
interaction.flushEventLoop@chrome://remote/content/marionette/interaction.js:431:10
webdriverClickElement@chrome://remote/content/marionette/interaction.js:179:31
JavaScript error: http://localhost:3001/static/js/2.e3685013.chunk.js, line 2: Error: Network Error
1654637413662	Marionette	WARN	TimedPromise timed out after 500 ms: stacktrace:
TimedPromise/<@chrome://remote/content/marionette/sync.js:235:19
TimedPromise@chrome://remote/content/marionette/sync.js:220:10
interaction.flushEventLoop@chrome://remote/content/marionette/interaction.js:431:10
webdriverClickElement@chrome://remote/content/marionette/interaction.js:179:31
JavaScript error: http://localhost:3001/static/js/2.e3685013.chunk.js, line 2: Error: Network Error
1654637424179	Marionette	INFO	Stopped listening on port 55876
!!! error running onStopped callback: TypeError: callback is not a function
1654637750383	geckodriver	INFO	Listening on 127.0.0.1:56117
1654637752403	mozrunner::runner	INFO	Running command: "C:\\Program Files\\Mozilla Firefox\\firefox.exe" "--marionette" "--remote-debugging-port" "56118" "--remote-allow-hosts" "localhost" "-no-remote" "-profile" "C:\\Users\\Alex\\AppData\\Local\\Temp\\rust_mozprofilemWUzVz"
1654637752741	Marionette	INFO	Marionette enabled
WebDriver BiDi listening on ws://localhost:56118
console.warn: SearchSettings: "get: No settings file exists, new profile?" (new NotFoundError("Could not open the file at C:\\Users\\Alex\\AppData\\Local\\Temp\\rust_mozprofilemWUzVz\\search.json.mozlz4", (void 0)))
1654637754565	Marionette	INFO	Listening on port 56139
Read port: 56139
1654637754594	RemoteAgent	WARN	TLS certificate errors will be ignored for this session
DevTools listening on ws://localhost:56118/devtools/browser/00c74681-b215-42e4-87b7-08bef8ba5cad
console.error: Region.jsm: "Error fetching region" (new TypeError("NetworkError when attempting to fetch resource.", ""))
console.error: Region.jsm: "Failed to fetch region" (new Error("NO_RESULT", "resource://gre/modules/Region.jsm", 419))
JavaScript error: resource://gre/modules/XULStore.jsm, line 66: Error: Can't find profile directory.
JavaScript error: resource://gre/modules/XULStore.jsm, line 66: Error: Can't find profile directory.
1654637759527	Marionette	INFO	Stopped listening on port 56139

###!!! [Parent][PGPUParent] Error: RunMessage(msgname=PGPU::Msg_ShutdownVR) Channel closing: too late to send/recv, messages will be lost

1654637822411	geckodriver	INFO	Listening on 127.0.0.1:56192
1654637824437	mozrunner::runner	INFO	Running command: "C:\\Program Files\\Mozilla Firefox\\firefox.exe" "--marionette" "--remote-debugging-port" "56193" "--remote-allow-hosts" "localhost" "-no-remote" "-profile" "C:\\Users\\Alex\\AppData\\Local\\Temp\\rust_mozprofileeeFk1s"
1654637824826	Marionette	INFO	Marionette enabled
WebDriver BiDi listening on ws://localhost:56193
console.warn: SearchSettings: "get: No settings file exists, new profile?" (new NotFoundError("Could not open the file at C:\\Users\\Alex\\AppData\\Local\\Temp\\rust_mozprofileeeFk1s\\search.json.mozlz4", (void 0)))
1654637826578	Marionette	INFO	Listening on port 56219
DevTools listening on ws://localhost:56193/devtools/browser/81eeef98-4755-435f-bc92-d66de6790d3e
Read port: 56219
1654637826654	RemoteAgent	WARN	TLS certificate errors will be ignored for this session
console.error: Region.jsm: "Error fetching region" (new TypeError("NetworkError when attempting to fetch resource.", ""))
console.error: Region.jsm: "Failed to fetch region" (new Error("NO_RESULT", "resource://gre/modules/Region.jsm", 419))
1654637827583	Marionette	WARN	TimedPromise timed out after 500 ms: stacktrace:
TimedPromise/<@chrome://remote/content/marionette/sync.js:235:19
TimedPromise@chrome://remote/content/marionette/sync.js:220:10
interaction.flushEventLoop@chrome://remote/content/marionette/interaction.js:431:10
webdriverClickElement@chrome://remote/content/marionette/interaction.js:179:31
JavaScript error: http://localhost:3001/static/js/2.e3685013.chunk.js, line 2: Error: Network Error
1654637831391	Marionette	WARN	TimedPromise timed out after 500 ms: stacktrace:
TimedPromise/<@chrome://remote/content/marionette/sync.js:235:19
TimedPromise@chrome://remote/content/marionette/sync.js:220:10
interaction.flushEventLoop@chrome://remote/content/marionette/interaction.js:431:10
webdriverClickElement@chrome://remote/content/marionette/interaction.js:179:31
JavaScript error: http://localhost:3001/static/js/2.e3685013.chunk.js, line 2: Error: Network Error
1654637832886	Marionette	INFO	Stopped listening on port 56219

###!!! [Parent][PGPUParent] Error: RunMessage(msgname=PGPU::Msg_ShutdownVR) Channel closing: too late to send/recv, messages will be lost

